{"reference": "J8", "proportionalOutlinePath": [[0.9966666666666667, 0.91], [0.9875, 0.915], [0.9858333333333333, 0.915], [0.9616666666666667, 0.9275], [0.96, 0.9275], [0.9583333333333334, 0.9291666666666667], [0.9566666666666667, 0.9291666666666667], [0.955, 0.9308333333333333], [0.9533333333333334, 0.9308333333333333], [0.9258333333333333, 0.945], [0.9241666666666667, 0.945], [0.8983333333333333, 0.9583333333333334], [0.8966666666666666, 0.9583333333333334], [0.895, 0.96], [0.8933333333333333, 0.96], [0.8675, 0.9733333333333334], [0.8658333333333333, 0.9733333333333334], [0.835, 0.9891666666666666], [0.8333333333333334, 0.9891666666666666], [0.8183333333333334, 0.9966666666666667], [0.8175, 0.9991666666666666], [0.9991666666666666, 0.9991666666666666], [0.9991666666666666, 0.91]], "additionalOutlinePaths": [[[0.9225, 0.2975], [0.9191666666666667, 0.29833333333333334], [0.915, 0.2991666666666667], [0.9116666666666666, 0.3], [0.9075, 0.30083333333333334], [0.9033333333333333, 0.3016666666666667], [0.9, 0.3025], [0.8991666666666667, 0.30333333333333334], [0.8958333333333334, 0.30333333333333334], [0.8916666666666667, 0.30416666666666664], [0.8883333333333333, 0.305], [0.8875, 0.30583333333333335], [0.8841666666666667, 0.30583333333333335], [0.88, 0.30666666666666664], [0.8758333333333334, 0.3075], [0.8725, 0.30833333333333335], [0.8716666666666667, 0.30916666666666665], [0.8683333333333333, 0.30916666666666665], [0.8641666666666666, 0.31], [0.8608333333333333, 0.31083333333333335], [0.8566666666666667, 0.31166666666666665], [0.8525, 0.3125], [0.8491666666666666, 0.31333333333333335], [0.8483333333333334, 0.31416666666666665], [0.845, 0.31416666666666665], [0.8408333333333333, 0.315], [0.8366666666666667, 0.31583333333333335], [0.8333333333333334, 0.31666666666666665], [0.8291666666666667, 0.3175], [0.825, 0.31833333333333336], [0.8208333333333333, 0.31916666666666665], [0.8175, 0.32], [0.8133333333333334, 0.32083333333333336], [0.8091666666666667, 0.32166666666666666], [0.8066666666666666, 0.3225], [0.8033333333333333, 0.32416666666666666], [0.8008333333333333, 0.325], [0.8008333333333333, 0.3308333333333333], [0.8016666666666666, 0.33416666666666667], [0.8025, 0.3375], [0.8033333333333333, 0.34], [0.8041666666666667, 0.3408333333333333], [0.805, 0.3433333333333333], [0.8058333333333333, 0.3466666666666667], [0.8058333333333333, 0.35], [0.8041666666666667, 0.3516666666666667], [0.8025, 0.3516666666666667], [0.8025, 0.3575], [0.8033333333333333, 0.36], [0.8041666666666667, 0.36333333333333334], [0.805, 0.36583333333333334], [0.8058333333333333, 0.36916666666666664], [0.8066666666666666, 0.37083333333333335], [0.8116666666666666, 0.37166666666666665], [0.815, 0.37083333333333335], [0.8158333333333333, 0.37], [0.8191666666666667, 0.36916666666666664], [0.8233333333333334, 0.37], [0.8241666666666667, 0.37166666666666665], [0.8241666666666667, 0.37333333333333335], [0.825, 0.375], [0.8283333333333334, 0.375], [0.8325, 0.37416666666666665], [0.835, 0.3725], [0.8391666666666666, 0.3725], [0.8425, 0.37166666666666665], [0.8466666666666667, 0.37083333333333335], [0.8491666666666666, 0.36916666666666664], [0.8533333333333334, 0.36833333333333335], [0.8566666666666667, 0.36833333333333335], [0.8608333333333333, 0.3675], [0.8625, 0.36583333333333334], [0.8675, 0.365], [0.8708333333333333, 0.365], [0.875, 0.3641666666666667], [0.8783333333333333, 0.36333333333333334], [0.8808333333333334, 0.3616666666666667], [0.885, 0.36083333333333334], [0.8891666666666667, 0.36], [0.8916666666666667, 0.36], [0.8958333333333334, 0.3591666666666667], [0.8983333333333333, 0.3575], [0.9025, 0.3566666666666667], [0.9091666666666667, 0.3566666666666667], [0.9116666666666666, 0.35583333333333333], [0.9133333333333333, 0.355], [0.915, 0.35333333333333333], [0.92, 0.35333333333333333], [0.9208333333333333, 0.3516666666666667], [0.925, 0.35083333333333333], [0.9283333333333333, 0.35083333333333333], [0.9325, 0.35], [0.9341666666666667, 0.3491666666666667], [0.935, 0.3425], [0.9383333333333334, 0.3425], [0.9408333333333333, 0.3416666666666667], [0.9441666666666667, 0.3408333333333333], [0.9466666666666667, 0.34], [0.95, 0.3383333333333333], [0.95, 0.3333333333333333], [0.9491666666666667, 0.33], [0.9483333333333334, 0.32666666666666666], [0.9475, 0.32416666666666666], [0.9466666666666667, 0.32166666666666666], [0.9458333333333333, 0.32], [0.9383333333333334, 0.32], [0.9375, 0.31833333333333336], [0.9341666666666667, 0.31583333333333335], [0.9341666666666667, 0.31333333333333335], [0.9333333333333333, 0.31083333333333335], [0.9325, 0.31], [0.9316666666666666, 0.3075], [0.9316666666666666, 0.30583333333333335], [0.9308333333333333, 0.3025], [0.93, 0.3], [0.9291666666666667, 0.2991666666666667], [0.9291666666666667, 0.2975]]], "componentId": "amphenol-10107844-002lf"}