{"reference": "U17", "proportionalOutlinePath": [[0.9975, 0.9125], [0.9891666666666666, 0.9166666666666666], [0.9875, 0.9166666666666666], [0.9633333333333334, 0.9291666666666667], [0.9616666666666667, 0.9291666666666667], [0.96, 0.9308333333333333], [0.9583333333333334, 0.9308333333333333], [0.9566666666666667, 0.9325], [0.955, 0.9325], [0.9275, 0.9466666666666667], [0.9258333333333333, 0.9466666666666667], [0.9, 0.96], [0.8983333333333333, 0.96], [0.8966666666666666, 0.9616666666666667], [0.895, 0.9616666666666667], [0.8691666666666666, 0.975], [0.8675, 0.975], [0.8366666666666667, 0.9908333333333333], [0.835, 0.9908333333333333], [0.8208333333333333, 0.9983333333333333], [0.8191666666666667, 0.9991666666666666], [0.9991666666666666, 0.9991666666666666], [0.9991666666666666, 0.9116666666666666]], "additionalOutlinePaths": [[[0.62, 0.31833333333333336], [0.6158333333333333, 0.31916666666666665], [0.6125, 0.32], [0.6108333333333333, 0.32083333333333336], [0.6091666666666666, 0.3225], [0.6116666666666667, 0.3233333333333333], [0.6091666666666666, 0.3258333333333333], [0.6108333333333333, 0.325], [0.6125, 0.32666666666666666], [0.61, 0.32916666666666666], [0.6116666666666667, 0.3283333333333333], [0.6133333333333333, 0.33], [0.6116666666666667, 0.33166666666666667], [0.6166666666666667, 0.33166666666666667], [0.6208333333333333, 0.3308333333333333], [0.6233333333333333, 0.32916666666666666], [0.6225, 0.3258333333333333], [0.6216666666666667, 0.3225], [0.6208333333333333, 0.32]]]}