{"reference": "U21", "proportionalOutlinePath": [[0.9975, 0.9125], [0.9891666666666666, 0.9166666666666666], [0.9875, 0.9166666666666666], [0.9633333333333334, 0.9291666666666667], [0.9616666666666667, 0.9291666666666667], [0.96, 0.9308333333333333], [0.9583333333333334, 0.9308333333333333], [0.9566666666666667, 0.9325], [0.955, 0.9325], [0.9275, 0.9466666666666667], [0.9258333333333333, 0.9466666666666667], [0.9, 0.96], [0.8983333333333333, 0.96], [0.8966666666666666, 0.9616666666666667], [0.895, 0.9616666666666667], [0.8691666666666666, 0.975], [0.8675, 0.975], [0.8366666666666667, 0.9908333333333333], [0.835, 0.9908333333333333], [0.8208333333333333, 0.9983333333333333], [0.8191666666666667, 0.9991666666666666], [0.9991666666666666, 0.9991666666666666], [0.9991666666666666, 0.9116666666666666]], "additionalOutlinePaths": [[[0.535, 0.335], [0.5308333333333334, 0.3358333333333333], [0.5283333333333333, 0.3383333333333333], [0.5308333333333334, 0.34], [0.5291666666666667, 0.3416666666666667], [0.5325, 0.3425], [0.53, 0.345], [0.5325, 0.345], [0.5325, 0.3466666666666667], [0.5308333333333334, 0.34833333333333333], [0.5341666666666667, 0.34833333333333333], [0.5375, 0.3475], [0.5416666666666666, 0.3466666666666667], [0.5433333333333333, 0.3458333333333333], [0.5425, 0.3416666666666667], [0.5416666666666666, 0.3383333333333333], [0.5408333333333334, 0.3358333333333333], [0.54, 0.33416666666666667]]]}