{"reference": "U22", "proportionalOutlinePath": [[0.9975, 0.9125], [0.9891666666666666, 0.9166666666666666], [0.9875, 0.9166666666666666], [0.9633333333333334, 0.9291666666666667], [0.9616666666666667, 0.9291666666666667], [0.96, 0.9308333333333333], [0.9583333333333334, 0.9308333333333333], [0.9566666666666667, 0.9325], [0.955, 0.9325], [0.9275, 0.9466666666666667], [0.9258333333333333, 0.9466666666666667], [0.9, 0.96], [0.8983333333333333, 0.96], [0.8966666666666666, 0.9616666666666667], [0.895, 0.9616666666666667], [0.8691666666666666, 0.975], [0.8675, 0.975], [0.8366666666666667, 0.9908333333333333], [0.835, 0.9908333333333333], [0.8208333333333333, 0.9983333333333333], [0.8191666666666667, 0.9991666666666666], [0.9991666666666666, 0.9991666666666666], [0.9991666666666666, 0.9116666666666666]], "additionalOutlinePaths": [[[0.4533333333333333, 0.3516666666666667], [0.44916666666666666, 0.3516666666666667], [0.44583333333333336, 0.3525], [0.44333333333333336, 0.355], [0.44583333333333336, 0.3566666666666667], [0.44416666666666665, 0.35833333333333334], [0.44583333333333336, 0.36083333333333334], [0.44416666666666665, 0.3616666666666667], [0.4475, 0.36333333333333334], [0.44583333333333336, 0.365], [0.45, 0.365], [0.455, 0.3641666666666667], [0.4575, 0.36333333333333334], [0.45916666666666667, 0.3625], [0.4575, 0.36], [0.4583333333333333, 0.35833333333333334], [0.4575, 0.35583333333333333], [0.4558333333333333, 0.3541666666666667], [0.45666666666666667, 0.3525], [0.455, 0.35083333333333333]]]}