{"reference": "U23", "proportionalOutlinePath": [[0.9975, 0.9125], [0.9891666666666666, 0.9166666666666666], [0.9875, 0.9166666666666666], [0.9633333333333334, 0.9291666666666667], [0.9616666666666667, 0.9291666666666667], [0.96, 0.9308333333333333], [0.9583333333333334, 0.9308333333333333], [0.9566666666666667, 0.9325], [0.955, 0.9325], [0.9275, 0.9466666666666667], [0.9258333333333333, 0.9466666666666667], [0.9, 0.96], [0.8983333333333333, 0.96], [0.8966666666666666, 0.9616666666666667], [0.895, 0.9616666666666667], [0.8691666666666666, 0.975], [0.8675, 0.975], [0.8366666666666667, 0.9908333333333333], [0.835, 0.9908333333333333], [0.8208333333333333, 0.9983333333333333], [0.8191666666666667, 0.9991666666666666], [0.9991666666666666, 0.9991666666666666], [0.9991666666666666, 0.9116666666666666]], "additionalOutlinePaths": [[[0.365, 0.36833333333333335], [0.36, 0.36916666666666664], [0.35583333333333333, 0.37], [0.35333333333333333, 0.3725], [0.3516666666666667, 0.37333333333333335], [0.35333333333333333, 0.3725], [0.355, 0.37416666666666665], [0.3525, 0.37583333333333335], [0.355, 0.37916666666666665], [0.35333333333333333, 0.37916666666666665], [0.3566666666666667, 0.38083333333333336], [0.355, 0.38333333333333336], [0.36, 0.3825], [0.36333333333333334, 0.3825], [0.3675, 0.38166666666666665], [0.36916666666666664, 0.38083333333333336], [0.3675, 0.37833333333333335], [0.36666666666666664, 0.375], [0.36666666666666664, 0.3725]]]}