{"reference": "U24", "proportionalOutlinePath": [[0.9975, 0.9125], [0.9891666666666666, 0.9166666666666666], [0.9875, 0.9166666666666666], [0.9633333333333334, 0.9291666666666667], [0.9616666666666667, 0.9291666666666667], [0.96, 0.9308333333333333], [0.9583333333333334, 0.9308333333333333], [0.9566666666666667, 0.9325], [0.955, 0.9325], [0.9275, 0.9466666666666667], [0.9258333333333333, 0.9466666666666667], [0.9, 0.96], [0.8983333333333333, 0.96], [0.8966666666666666, 0.9616666666666667], [0.895, 0.9616666666666667], [0.8691666666666666, 0.975], [0.8675, 0.975], [0.8366666666666667, 0.9908333333333333], [0.835, 0.9908333333333333], [0.8208333333333333, 0.9983333333333333], [0.8191666666666667, 0.9991666666666666], [0.9991666666666666, 0.9991666666666666], [0.9991666666666666, 0.9116666666666666]], "additionalOutlinePaths": [[[0.26666666666666666, 0.3875], [0.2625, 0.3883333333333333], [0.25916666666666666, 0.38916666666666666], [0.2575, 0.3908333333333333], [0.255, 0.3925], [0.25666666666666665, 0.39166666666666666], [0.25833333333333336, 0.3933333333333333], [0.25583333333333336, 0.3958333333333333], [0.25833333333333336, 0.395], [0.26, 0.39666666666666667], [0.2575, 0.39916666666666667], [0.25916666666666666, 0.3983333333333333], [0.2608333333333333, 0.4], [0.25833333333333336, 0.4025], [0.26166666666666666, 0.4025], [0.2633333333333333, 0.4025], [0.2675, 0.40166666666666667], [0.2708333333333333, 0.4008333333333333], [0.27166666666666667, 0.3975], [0.2725, 0.3958333333333333], [0.27, 0.39416666666666667], [0.27166666666666667, 0.39166666666666666], [0.2708333333333333, 0.3883333333333333], [0.2683333333333333, 0.3875]]]}