{"reference": "U25", "proportionalOutlinePath": [[0.9975, 0.9125], [0.9891666666666666, 0.9166666666666666], [0.9875, 0.9166666666666666], [0.9633333333333334, 0.9291666666666667], [0.9616666666666667, 0.9291666666666667], [0.96, 0.9308333333333333], [0.9583333333333334, 0.9308333333333333], [0.9566666666666667, 0.9325], [0.955, 0.9325], [0.9275, 0.9466666666666667], [0.9258333333333333, 0.9466666666666667], [0.9, 0.96], [0.8983333333333333, 0.96], [0.8966666666666666, 0.9616666666666667], [0.895, 0.9616666666666667], [0.8691666666666666, 0.975], [0.8675, 0.975], [0.8366666666666667, 0.9908333333333333], [0.835, 0.9908333333333333], [0.8208333333333333, 0.9983333333333333], [0.8191666666666667, 0.9991666666666666], [0.9991666666666666, 0.9991666666666666], [0.9991666666666666, 0.9116666666666666]], "additionalOutlinePaths": [[[0.16416666666666666, 0.4083333333333333], [0.16083333333333333, 0.4083333333333333], [0.15583333333333332, 0.4091666666666667], [0.15333333333333332, 0.4116666666666667], [0.15166666666666667, 0.4125], [0.15583333333333332, 0.41333333333333333], [0.15416666666666667, 0.415], [0.1525, 0.4166666666666667], [0.15583333333333332, 0.4175], [0.15333333333333332, 0.42], [0.15583333333333332, 0.4191666666666667], [0.15666666666666668, 0.4225], [0.155, 0.42333333333333334], [0.1575, 0.4225], [0.16083333333333333, 0.42333333333333334], [0.16416666666666666, 0.4216666666666667], [0.16583333333333333, 0.4225], [0.1675, 0.42083333333333334], [0.17, 0.42], [0.17166666666666666, 0.42], [0.16833333333333333, 0.41833333333333333], [0.17083333333333334, 0.41583333333333333], [0.16916666666666666, 0.4125], [0.16666666666666666, 0.41083333333333333], [0.1675, 0.4091666666666667], [0.16583333333333333, 0.4075]]]}