{"reference": "U26", "proportionalOutlinePath": [[0.9975, 0.9125], [0.9891666666666666, 0.9166666666666666], [0.9875, 0.9166666666666666], [0.9633333333333334, 0.9291666666666667], [0.9616666666666667, 0.9291666666666667], [0.96, 0.9308333333333333], [0.9583333333333334, 0.9308333333333333], [0.9566666666666667, 0.9325], [0.955, 0.9325], [0.9275, 0.9466666666666667], [0.9258333333333333, 0.9466666666666667], [0.9, 0.96], [0.8983333333333333, 0.96], [0.8966666666666666, 0.9616666666666667], [0.895, 0.9616666666666667], [0.8691666666666666, 0.975], [0.8675, 0.975], [0.8366666666666667, 0.9908333333333333], [0.835, 0.9908333333333333], [0.8208333333333333, 0.9983333333333333], [0.8191666666666667, 0.9991666666666666], [0.9991666666666666, 0.9991666666666666], [0.9991666666666666, 0.9116666666666666]], "additionalOutlinePaths": [[[0.05416666666666667, 0.43], [0.04833333333333333, 0.43], [0.04583333333333333, 0.43166666666666664], [0.04416666666666667, 0.43166666666666664], [0.041666666666666664, 0.43416666666666665], [0.043333333333333335, 0.43333333333333335], [0.045, 0.43583333333333335], [0.0425, 0.4375], [0.04583333333333333, 0.43833333333333335], [0.045, 0.44083333333333335], [0.043333333333333335, 0.44166666666666665], [0.045, 0.44083333333333335], [0.04666666666666667, 0.44333333333333336], [0.04416666666666667, 0.44583333333333336], [0.04833333333333333, 0.44583333333333336], [0.050833333333333335, 0.44416666666666665], [0.055, 0.44416666666666665], [0.059166666666666666, 0.44333333333333336], [0.060833333333333336, 0.44166666666666665], [0.0625, 0.44166666666666665], [0.059166666666666666, 0.43916666666666665], [0.060833333333333336, 0.4375], [0.059166666666666666, 0.4375], [0.058333333333333334, 0.43416666666666665], [0.06, 0.435], [0.058333333333333334, 0.43416666666666665], [0.056666666666666664, 0.4325], [0.059166666666666666, 0.43], [0.056666666666666664, 0.43]]]}