{"reference": "J1", "proportionalOutlinePath": [[0.0, 0.9275], [0.0, 0.9991666666666666], [0.10833333333333334, 0.9991666666666666], [0.10666666666666667, 0.9983333333333333], [0.105, 0.9966666666666667], [0.1025, 0.995], [0.1, 0.9933333333333333], [0.0975, 0.9916666666666667], [0.095, 0.9908333333333333], [0.0925, 0.9891666666666666], [0.09, 0.9866666666666667], [0.0875, 0.985], [0.085, 0.9841666666666666], [0.0825, 0.9825], [0.08083333333333333, 0.9808333333333333], [0.07833333333333334, 0.9791666666666666], [0.075, 0.9766666666666667], [0.0725, 0.9758333333333333], [0.07083333333333333, 0.9741666666666666], [0.06833333333333333, 0.9725], [0.06583333333333333, 0.9708333333333333], [0.06333333333333334, 0.9691666666666666], [0.060833333333333336, 0.9675], [0.058333333333333334, 0.9658333333333333], [0.05583333333333333, 0.9641666666666666], [0.05333333333333334, 0.9625], [0.050833333333333335, 0.9608333333333333], [0.04833333333333333, 0.9591666666666666], [0.04583333333333333, 0.9583333333333334], [0.043333333333333335, 0.9558333333333333], [0.04083333333333333, 0.955], [0.03833333333333333, 0.9533333333333334], [0.035833333333333335, 0.9516666666666667], [0.03333333333333333, 0.95], [0.030833333333333334, 0.9483333333333334], [0.028333333333333332, 0.9466666666666667], [0.025833333333333333, 0.945], [0.023333333333333334, 0.9433333333333334], [0.020833333333333332, 0.9416666666666667], [0.019166666666666665, 0.94], [0.016666666666666666, 0.9383333333333334], [0.014166666666666666, 0.9375], [0.011666666666666667, 0.935], [0.009166666666666667, 0.9341666666666667], [0.006666666666666667, 0.9325], [0.004166666666666667, 0.9308333333333333], [0.0016666666666666668, 0.9291666666666667]], "additionalOutlinePaths": [[[0.295, 0.21833333333333332], [0.2941666666666667, 0.22], [0.2941666666666667, 0.22166666666666668], [0.2891666666666667, 0.23083333333333333], [0.2891666666666667, 0.2325], [0.285, 0.24], [0.285, 0.24166666666666667], [0.2808333333333333, 0.24916666666666668], [0.2808333333333333, 0.25083333333333335], [0.27666666666666667, 0.25833333333333336], [0.2758333333333333, 0.26], [0.2791666666666667, 0.2633333333333333], [0.2833333333333333, 0.26666666666666666], [0.2866666666666667, 0.26916666666666667], [0.29, 0.27], [0.29333333333333333, 0.2708333333333333], [0.2966666666666667, 0.27166666666666667], [0.3, 0.2725], [0.3016666666666667, 0.2725], [0.30416666666666664, 0.27166666666666667], [0.30583333333333335, 0.2733333333333333], [0.3075, 0.2725], [0.30916666666666665, 0.27416666666666667], [0.31166666666666665, 0.2733333333333333], [0.31333333333333335, 0.275], [0.31583333333333335, 0.275], [0.3175, 0.27666666666666667], [0.32083333333333336, 0.2758333333333333], [0.3233333333333333, 0.2708333333333333], [0.3233333333333333, 0.26916666666666667], [0.3275, 0.26166666666666666], [0.3275, 0.26], [0.33166666666666667, 0.2525], [0.33166666666666667, 0.25083333333333335], [0.335, 0.245], [0.335, 0.24333333333333335], [0.33916666666666667, 0.23583333333333334], [0.33916666666666667, 0.23333333333333334], [0.3325, 0.22666666666666666], [0.32916666666666666, 0.22416666666666665], [0.3258333333333333, 0.22333333333333333], [0.32166666666666666, 0.2225], [0.31833333333333336, 0.22166666666666668], [0.31416666666666665, 0.22083333333333333], [0.31, 0.22], [0.30666666666666664, 0.21916666666666668], [0.3025, 0.21833333333333332], [0.2991666666666667, 0.2175]]], "componentId": "te-connectivity-1-2212115-4"}