{"reference": "J1", "proportionalOutlinePath": [[0.0, 0.9158333333333334], [0.0, 0.9991666666666666], [0.12666666666666668, 0.9991666666666666], [0.12666666666666668, 0.9975], [0.125, 0.9958333333333333], [0.1225, 0.995], [0.12083333333333333, 0.9933333333333333], [0.11833333333333333, 0.9916666666666667], [0.11583333333333333, 0.99], [0.11333333333333333, 0.9891666666666666], [0.11083333333333334, 0.9875], [0.10833333333333334, 0.9858333333333333], [0.10666666666666667, 0.9841666666666666], [0.10416666666666667, 0.9825], [0.10166666666666667, 0.9808333333333333], [0.09916666666666667, 0.9791666666666666], [0.09666666666666666, 0.9775], [0.09416666666666666, 0.9766666666666667], [0.09166666666666666, 0.9741666666666666], [0.08916666666666667, 0.9733333333333334], [0.0875, 0.9716666666666667], [0.085, 0.97], [0.0825, 0.9683333333333334], [0.08, 0.9666666666666667], [0.0775, 0.965], [0.075, 0.9633333333333334], [0.0725, 0.9625], [0.07, 0.9608333333333333], [0.06833333333333333, 0.9591666666666666], [0.06583333333333333, 0.9575], [0.06333333333333334, 0.9558333333333333], [0.060833333333333336, 0.9541666666666667], [0.058333333333333334, 0.9525], [0.05583333333333333, 0.9508333333333333], [0.05333333333333334, 0.9491666666666667], [0.050833333333333335, 0.9475], [0.04833333333333333, 0.9466666666666667], [0.04666666666666667, 0.945], [0.04416666666666667, 0.9433333333333334], [0.041666666666666664, 0.9416666666666667], [0.03916666666666667, 0.94], [0.03666666666666667, 0.9383333333333334], [0.034166666666666665, 0.9366666666666666], [0.03166666666666667, 0.9358333333333333], [0.03, 0.9341666666666667], [0.0275, 0.9325], [0.025, 0.9308333333333333], [0.0225, 0.9291666666666667], [0.02, 0.9275], [0.0175, 0.9258333333333333], [0.015, 0.9241666666666667], [0.0125, 0.9225], [0.01, 0.9216666666666666], [0.008333333333333333, 0.92], [0.005833333333333334, 0.9183333333333333], [0.0033333333333333335, 0.9166666666666666], [0.0016666666666666668, 0.9158333333333334]], "additionalOutlinePaths": [[[0.3, 0.21916666666666668], [0.2975, 0.22416666666666665], [0.2975, 0.22583333333333333], [0.29333333333333333, 0.23333333333333334], [0.29333333333333333, 0.235], [0.2891666666666667, 0.2425], [0.2891666666666667, 0.24416666666666667], [0.285, 0.25166666666666665], [0.285, 0.25333333333333335], [0.2808333333333333, 0.2608333333333333], [0.2816666666666667, 0.265], [0.2866666666666667, 0.26916666666666667], [0.29083333333333333, 0.2725], [0.29333333333333333, 0.2733333333333333], [0.2966666666666667, 0.27416666666666667], [0.3, 0.275], [0.30333333333333334, 0.2758333333333333], [0.30666666666666664, 0.27666666666666667], [0.3125, 0.27666666666666667], [0.31666666666666665, 0.2775], [0.32, 0.2783333333333333], [0.32166666666666666, 0.28], [0.3233333333333333, 0.2808333333333333], [0.3283333333333333, 0.2808333333333333], [0.32916666666666666, 0.2791666666666667], [0.3308333333333333, 0.2758333333333333], [0.3308333333333333, 0.27416666666666667], [0.33416666666666667, 0.2683333333333333], [0.33416666666666667, 0.26666666666666666], [0.3383333333333333, 0.25916666666666666], [0.3383333333333333, 0.2575], [0.3416666666666667, 0.25166666666666665], [0.3416666666666667, 0.25], [0.3458333333333333, 0.2425], [0.3458333333333333, 0.24083333333333334], [0.3475, 0.23833333333333334], [0.3475, 0.23416666666666666], [0.3458333333333333, 0.2325], [0.3383333333333333, 0.22583333333333333], [0.33666666666666667, 0.225], [0.3333333333333333, 0.22416666666666665], [0.32916666666666666, 0.22333333333333333], [0.3258333333333333, 0.2225], [0.32166666666666666, 0.22166666666666668], [0.31833333333333336, 0.22083333333333333], [0.31416666666666665, 0.22], [0.31, 0.21916666666666668], [0.30666666666666664, 0.21833333333333332]]], "componentId": "te-connectivity-1-2212115-4"}