{"reference": "J10", "proportionalOutlinePath": [[0.0, 0.9258333333333333], [0.0, 0.9991666666666666], [0.11, 0.9991666666666666], [0.10916666666666666, 0.9966666666666667], [0.10666666666666667, 0.995], [0.10416666666666667, 0.9933333333333333], [0.10166666666666667, 0.9916666666666667], [0.09916666666666667, 0.99], [0.09666666666666666, 0.9891666666666666], [0.09416666666666666, 0.9875], [0.09166666666666666, 0.985], [0.08916666666666667, 0.9833333333333333], [0.08666666666666667, 0.9825], [0.08416666666666667, 0.9808333333333333], [0.0825, 0.9791666666666666], [0.08, 0.9775], [0.07666666666666666, 0.975], [0.07416666666666667, 0.9741666666666666], [0.0725, 0.9725], [0.07, 0.9708333333333333], [0.0675, 0.9691666666666666], [0.065, 0.9675], [0.0625, 0.9658333333333333], [0.06, 0.9641666666666666], [0.0575, 0.9625], [0.055, 0.9608333333333333], [0.0525, 0.9591666666666666], [0.05, 0.9575], [0.0475, 0.9566666666666667], [0.045, 0.9541666666666667], [0.0425, 0.9533333333333334], [0.04083333333333333, 0.9516666666666667], [0.03833333333333333, 0.95], [0.035833333333333335, 0.9483333333333334], [0.03333333333333333, 0.9466666666666667], [0.030833333333333334, 0.945], [0.028333333333333332, 0.9433333333333334], [0.025833333333333333, 0.9416666666666667], [0.023333333333333334, 0.94], [0.020833333333333332, 0.9383333333333334], [0.018333333333333333, 0.9366666666666666], [0.015833333333333335, 0.9358333333333333], [0.013333333333333334, 0.9333333333333333], [0.010833333333333334, 0.9325], [0.009166666666666667, 0.9308333333333333], [0.006666666666666667, 0.9291666666666667], [0.004166666666666667, 0.9275], [0.0016666666666666668, 0.9258333333333333]], "additionalOutlinePaths": [[[0.36333333333333334, 0.23083333333333333], [0.3625, 0.2325], [0.36, 0.2375], [0.36, 0.23916666666666667], [0.35583333333333333, 0.24666666666666667], [0.35583333333333333, 0.24833333333333332], [0.3525, 0.25416666666666665], [0.3525, 0.25583333333333336], [0.3491666666666667, 0.26166666666666666], [0.3491666666666667, 0.2633333333333333], [0.345, 0.2708333333333333], [0.345, 0.2725], [0.3433333333333333, 0.275], [0.3433333333333333, 0.2783333333333333], [0.3491666666666667, 0.2841666666666667], [0.35333333333333333, 0.2875], [0.35583333333333333, 0.28833333333333333], [0.36, 0.2891666666666667], [0.36333333333333334, 0.29], [0.36666666666666664, 0.29083333333333333], [0.3725, 0.29083333333333333], [0.37666666666666665, 0.2916666666666667], [0.38, 0.2925], [0.38166666666666665, 0.2941666666666667], [0.385, 0.2941666666666667], [0.38666666666666666, 0.29583333333333334], [0.3933333333333333, 0.295], [0.395, 0.2916666666666667], [0.395, 0.29], [0.3975, 0.28583333333333333], [0.3975, 0.2841666666666667], [0.40166666666666667, 0.27666666666666667], [0.40166666666666667, 0.275], [0.4041666666666667, 0.2708333333333333], [0.4041666666666667, 0.26916666666666667], [0.4075, 0.2633333333333333], [0.4075, 0.26166666666666666], [0.41, 0.2575], [0.41, 0.25583333333333336], [0.4125, 0.25166666666666665], [0.4125, 0.2475], [0.4058333333333333, 0.24083333333333334], [0.4025, 0.23833333333333334], [0.4, 0.2375], [0.3958333333333333, 0.23666666666666666], [0.39166666666666666, 0.23583333333333334], [0.3883333333333333, 0.235], [0.38416666666666666, 0.23416666666666666], [0.38083333333333336, 0.23333333333333334], [0.37666666666666665, 0.2325], [0.37333333333333335, 0.23166666666666666], [0.36916666666666664, 0.23083333333333333]]]}