{"reference": "J10", "proportionalOutlinePath": [[0.0, 0.9158333333333334], [0.0, 0.9991666666666666], [0.12666666666666668, 0.9991666666666666], [0.12666666666666668, 0.9975], [0.125, 0.9958333333333333], [0.1225, 0.995], [0.12083333333333333, 0.9933333333333333], [0.11833333333333333, 0.9916666666666667], [0.11583333333333333, 0.99], [0.11333333333333333, 0.9891666666666666], [0.11083333333333334, 0.9875], [0.10833333333333334, 0.9858333333333333], [0.10666666666666667, 0.9841666666666666], [0.10416666666666667, 0.9825], [0.10166666666666667, 0.9808333333333333], [0.09916666666666667, 0.9791666666666666], [0.09666666666666666, 0.9775], [0.09416666666666666, 0.9766666666666667], [0.09166666666666666, 0.9741666666666666], [0.08916666666666667, 0.9733333333333334], [0.0875, 0.9716666666666667], [0.085, 0.97], [0.0825, 0.9683333333333334], [0.08, 0.9666666666666667], [0.0775, 0.965], [0.075, 0.9633333333333334], [0.0725, 0.9625], [0.07, 0.9608333333333333], [0.06833333333333333, 0.9591666666666666], [0.06583333333333333, 0.9575], [0.06333333333333334, 0.9558333333333333], [0.060833333333333336, 0.9541666666666667], [0.058333333333333334, 0.9525], [0.05583333333333333, 0.9508333333333333], [0.05333333333333334, 0.9491666666666667], [0.050833333333333335, 0.9475], [0.04833333333333333, 0.9466666666666667], [0.04666666666666667, 0.945], [0.04416666666666667, 0.9433333333333334], [0.041666666666666664, 0.9416666666666667], [0.03916666666666667, 0.94], [0.03666666666666667, 0.9383333333333334], [0.034166666666666665, 0.9366666666666666], [0.03166666666666667, 0.9358333333333333], [0.03, 0.9341666666666667], [0.0275, 0.9325], [0.025, 0.9308333333333333], [0.0225, 0.9291666666666667], [0.02, 0.9275], [0.0175, 0.9258333333333333], [0.015, 0.9241666666666667], [0.0125, 0.9225], [0.01, 0.9216666666666666], [0.008333333333333333, 0.92], [0.005833333333333334, 0.9183333333333333], [0.0033333333333333335, 0.9166666666666666], [0.0016666666666666668, 0.9158333333333334]], "additionalOutlinePaths": [[[0.36916666666666664, 0.23333333333333334], [0.36833333333333335, 0.235], [0.36833333333333335, 0.23666666666666666], [0.365, 0.2425], [0.365, 0.24416666666666667], [0.36083333333333334, 0.25166666666666665], [0.36083333333333334, 0.25333333333333335], [0.35833333333333334, 0.2575], [0.35833333333333334, 0.25916666666666666], [0.3541666666666667, 0.26666666666666666], [0.3541666666666667, 0.2683333333333333], [0.35083333333333333, 0.27416666666666667], [0.35, 0.27666666666666667], [0.35, 0.2808333333333333], [0.35583333333333333, 0.2866666666666667], [0.3591666666666667, 0.2891666666666667], [0.36083333333333334, 0.29], [0.3641666666666667, 0.29083333333333333], [0.3675, 0.2916666666666667], [0.37083333333333335, 0.2925], [0.375, 0.29333333333333333], [0.38166666666666665, 0.29333333333333333], [0.38333333333333336, 0.295], [0.38666666666666666, 0.295], [0.39, 0.29583333333333334], [0.3925, 0.2975], [0.395, 0.29833333333333334], [0.39916666666666667, 0.2975], [0.39916666666666667, 0.29583333333333334], [0.40166666666666667, 0.2916666666666667], [0.40166666666666667, 0.29], [0.405, 0.2841666666666667], [0.405, 0.2808333333333333], [0.4058333333333333, 0.2791666666666667], [0.4083333333333333, 0.27666666666666667], [0.4083333333333333, 0.275], [0.4116666666666667, 0.26916666666666667], [0.4116666666666667, 0.2675], [0.4141666666666667, 0.2633333333333333], [0.4141666666666667, 0.26166666666666666], [0.4175, 0.25583333333333336], [0.41833333333333333, 0.25333333333333335], [0.41833333333333333, 0.25], [0.41083333333333333, 0.2425], [0.4083333333333333, 0.24083333333333334], [0.405, 0.24], [0.40166666666666667, 0.23916666666666667], [0.3975, 0.23833333333333334], [0.39416666666666667, 0.2375], [0.39, 0.23666666666666666], [0.38666666666666666, 0.23583333333333334], [0.3825, 0.235], [0.37916666666666665, 0.23416666666666666], [0.375, 0.23333333333333334]]]}