{"reference": "J11", "proportionalOutlinePath": [[0.0, 0.9258333333333333], [0.0, 0.9991666666666666], [0.11, 0.9991666666666666], [0.10916666666666666, 0.9966666666666667], [0.10666666666666667, 0.995], [0.10416666666666667, 0.9933333333333333], [0.10166666666666667, 0.9916666666666667], [0.09916666666666667, 0.99], [0.09666666666666666, 0.9891666666666666], [0.09416666666666666, 0.9875], [0.09166666666666666, 0.985], [0.08916666666666667, 0.9833333333333333], [0.08666666666666667, 0.9825], [0.08416666666666667, 0.9808333333333333], [0.0825, 0.9791666666666666], [0.08, 0.9775], [0.07666666666666666, 0.975], [0.07416666666666667, 0.9741666666666666], [0.0725, 0.9725], [0.07, 0.9708333333333333], [0.0675, 0.9691666666666666], [0.065, 0.9675], [0.0625, 0.9658333333333333], [0.06, 0.9641666666666666], [0.0575, 0.9625], [0.055, 0.9608333333333333], [0.0525, 0.9591666666666666], [0.05, 0.9575], [0.0475, 0.9566666666666667], [0.045, 0.9541666666666667], [0.0425, 0.9533333333333334], [0.04083333333333333, 0.9516666666666667], [0.03833333333333333, 0.95], [0.035833333333333335, 0.9483333333333334], [0.03333333333333333, 0.9466666666666667], [0.030833333333333334, 0.945], [0.028333333333333332, 0.9433333333333334], [0.025833333333333333, 0.9416666666666667], [0.023333333333333334, 0.94], [0.020833333333333332, 0.9383333333333334], [0.018333333333333333, 0.9366666666666666], [0.015833333333333335, 0.9358333333333333], [0.013333333333333334, 0.9333333333333333], [0.010833333333333334, 0.9325], [0.009166666666666667, 0.9308333333333333], [0.006666666666666667, 0.9291666666666667], [0.004166666666666667, 0.9275], [0.0016666666666666668, 0.9258333333333333]], "additionalOutlinePaths": [[[0.4375, 0.24666666666666667], [0.43666666666666665, 0.24833333333333332], [0.435, 0.25166666666666665], [0.435, 0.25333333333333335], [0.4325, 0.2575], [0.4325, 0.25916666666666666], [0.42916666666666664, 0.265], [0.42916666666666664, 0.26666666666666666], [0.4266666666666667, 0.2708333333333333], [0.4266666666666667, 0.2725], [0.4241666666666667, 0.27666666666666667], [0.4241666666666667, 0.2783333333333333], [0.42083333333333334, 0.2841666666666667], [0.42083333333333334, 0.28583333333333333], [0.4175, 0.2916666666666667], [0.4175, 0.2966666666666667], [0.42583333333333334, 0.305], [0.4275, 0.30583333333333335], [0.43083333333333335, 0.30666666666666664], [0.43416666666666665, 0.30666666666666664], [0.43666666666666665, 0.3075], [0.4375, 0.30833333333333335], [0.44083333333333335, 0.30916666666666665], [0.44666666666666666, 0.30916666666666665], [0.4508333333333333, 0.31], [0.4525, 0.31166666666666665], [0.45666666666666667, 0.3125], [0.46, 0.3125], [0.46166666666666667, 0.31416666666666665], [0.465, 0.315], [0.4683333333333333, 0.315], [0.4691666666666667, 0.31333333333333335], [0.47, 0.31166666666666665], [0.47, 0.31], [0.4725, 0.30583333333333335], [0.4725, 0.30416666666666664], [0.47583333333333333, 0.29833333333333334], [0.47583333333333333, 0.2966666666666667], [0.4775, 0.2941666666666667], [0.4775, 0.2925], [0.4791666666666667, 0.29083333333333333], [0.4791666666666667, 0.2891666666666667], [0.48083333333333333, 0.2866666666666667], [0.48083333333333333, 0.285], [0.48333333333333334, 0.2808333333333333], [0.48333333333333334, 0.2791666666666667], [0.48583333333333334, 0.275], [0.48583333333333334, 0.2733333333333333], [0.48833333333333334, 0.26916666666666667], [0.48833333333333334, 0.26416666666666666], [0.4791666666666667, 0.255], [0.47583333333333333, 0.25416666666666665], [0.4716666666666667, 0.25333333333333335], [0.4683333333333333, 0.2525], [0.46416666666666667, 0.25166666666666665], [0.4608333333333333, 0.25083333333333335], [0.4575, 0.25], [0.4533333333333333, 0.25], [0.4508333333333333, 0.24916666666666668], [0.45, 0.24833333333333332], [0.44583333333333336, 0.2475], [0.44166666666666665, 0.24666666666666667]]]}