{"reference": "J12", "proportionalOutlinePath": [[0.0, 0.9258333333333333], [0.0, 0.9991666666666666], [0.11, 0.9991666666666666], [0.10916666666666666, 0.9966666666666667], [0.10666666666666667, 0.995], [0.10416666666666667, 0.9933333333333333], [0.10166666666666667, 0.9916666666666667], [0.09916666666666667, 0.99], [0.09666666666666666, 0.9891666666666666], [0.09416666666666666, 0.9875], [0.09166666666666666, 0.985], [0.08916666666666667, 0.9833333333333333], [0.08666666666666667, 0.9825], [0.08416666666666667, 0.9808333333333333], [0.0825, 0.9791666666666666], [0.08, 0.9775], [0.07666666666666666, 0.975], [0.07416666666666667, 0.9741666666666666], [0.0725, 0.9725], [0.07, 0.9708333333333333], [0.0675, 0.9691666666666666], [0.065, 0.9675], [0.0625, 0.9658333333333333], [0.06, 0.9641666666666666], [0.0575, 0.9625], [0.055, 0.9608333333333333], [0.0525, 0.9591666666666666], [0.05, 0.9575], [0.0475, 0.9566666666666667], [0.045, 0.9541666666666667], [0.0425, 0.9533333333333334], [0.04083333333333333, 0.9516666666666667], [0.03833333333333333, 0.95], [0.035833333333333335, 0.9483333333333334], [0.03333333333333333, 0.9466666666666667], [0.030833333333333334, 0.945], [0.028333333333333332, 0.9433333333333334], [0.025833333333333333, 0.9416666666666667], [0.023333333333333334, 0.94], [0.020833333333333332, 0.9383333333333334], [0.018333333333333333, 0.9366666666666666], [0.015833333333333335, 0.9358333333333333], [0.013333333333333334, 0.9333333333333333], [0.010833333333333334, 0.9325], [0.009166666666666667, 0.9308333333333333], [0.006666666666666667, 0.9291666666666667], [0.004166666666666667, 0.9275], [0.0016666666666666668, 0.9258333333333333]], "additionalOutlinePaths": [[[0.5175, 0.26416666666666666], [0.5158333333333334, 0.2658333333333333], [0.5158333333333334, 0.2675], [0.5141666666666667, 0.27], [0.5141666666666667, 0.27166666666666667], [0.5125, 0.27416666666666667], [0.5125, 0.2758333333333333], [0.51, 0.28], [0.51, 0.2816666666666667], [0.5075, 0.28583333333333333], [0.5075, 0.2875], [0.5041666666666667, 0.29333333333333333], [0.5041666666666667, 0.295], [0.5008333333333334, 0.30083333333333334], [0.5, 0.30333333333333334], [0.5, 0.305], [0.49583333333333335, 0.3125], [0.49583333333333335, 0.31583333333333335], [0.4975, 0.3175], [0.5, 0.31916666666666665], [0.5025, 0.3225], [0.5058333333333334, 0.325], [0.5091666666666667, 0.3258333333333333], [0.5125, 0.32666666666666666], [0.515, 0.3275], [0.5191666666666667, 0.3283333333333333], [0.5225, 0.32916666666666666], [0.5275, 0.32916666666666666], [0.5316666666666666, 0.33], [0.5358333333333334, 0.3308333333333333], [0.5375, 0.3325], [0.5416666666666666, 0.3325], [0.5433333333333333, 0.33416666666666667], [0.5466666666666666, 0.335], [0.55, 0.335], [0.5508333333333333, 0.3325], [0.5516666666666666, 0.3308333333333333], [0.5516666666666666, 0.32916666666666666], [0.5533333333333333, 0.32666666666666666], [0.5533333333333333, 0.325], [0.555, 0.3225], [0.555, 0.32083333333333336], [0.5583333333333333, 0.315], [0.5583333333333333, 0.31333333333333335], [0.56, 0.31083333333333335], [0.56, 0.30916666666666665], [0.5633333333333334, 0.30333333333333334], [0.5633333333333334, 0.3016666666666667], [0.565, 0.2991666666666667], [0.565, 0.2975], [0.5666666666666667, 0.295], [0.5666666666666667, 0.29333333333333333], [0.5683333333333334, 0.2916666666666667], [0.5691666666666667, 0.2891666666666667], [0.57, 0.2866666666666667], [0.57, 0.2825], [0.5683333333333334, 0.28], [0.5625, 0.2733333333333333], [0.5608333333333333, 0.2733333333333333], [0.5575, 0.2725], [0.5566666666666666, 0.27166666666666667], [0.5525, 0.27166666666666667], [0.5483333333333333, 0.2708333333333333], [0.5458333333333333, 0.27], [0.545, 0.26916666666666667], [0.5408333333333334, 0.2683333333333333], [0.5366666666666666, 0.2675], [0.5333333333333333, 0.2675], [0.53, 0.26666666666666666], [0.5291666666666667, 0.2658333333333333], [0.5258333333333334, 0.265], [0.5225, 0.26416666666666666]]]}