{"reference": "J12", "proportionalOutlinePath": [[0.0, 0.9158333333333334], [0.0, 0.9991666666666666], [0.12666666666666668, 0.9991666666666666], [0.12666666666666668, 0.9975], [0.125, 0.9958333333333333], [0.1225, 0.995], [0.12083333333333333, 0.9933333333333333], [0.11833333333333333, 0.9916666666666667], [0.11583333333333333, 0.99], [0.11333333333333333, 0.9891666666666666], [0.11083333333333334, 0.9875], [0.10833333333333334, 0.9858333333333333], [0.10666666666666667, 0.9841666666666666], [0.10416666666666667, 0.9825], [0.10166666666666667, 0.9808333333333333], [0.09916666666666667, 0.9791666666666666], [0.09666666666666666, 0.9775], [0.09416666666666666, 0.9766666666666667], [0.09166666666666666, 0.9741666666666666], [0.08916666666666667, 0.9733333333333334], [0.0875, 0.9716666666666667], [0.085, 0.97], [0.0825, 0.9683333333333334], [0.08, 0.9666666666666667], [0.0775, 0.965], [0.075, 0.9633333333333334], [0.0725, 0.9625], [0.07, 0.9608333333333333], [0.06833333333333333, 0.9591666666666666], [0.06583333333333333, 0.9575], [0.06333333333333334, 0.9558333333333333], [0.060833333333333336, 0.9541666666666667], [0.058333333333333334, 0.9525], [0.05583333333333333, 0.9508333333333333], [0.05333333333333334, 0.9491666666666667], [0.050833333333333335, 0.9475], [0.04833333333333333, 0.9466666666666667], [0.04666666666666667, 0.945], [0.04416666666666667, 0.9433333333333334], [0.041666666666666664, 0.9416666666666667], [0.03916666666666667, 0.94], [0.03666666666666667, 0.9383333333333334], [0.034166666666666665, 0.9366666666666666], [0.03166666666666667, 0.9358333333333333], [0.03, 0.9341666666666667], [0.0275, 0.9325], [0.025, 0.9308333333333333], [0.0225, 0.9291666666666667], [0.02, 0.9275], [0.0175, 0.9258333333333333], [0.015, 0.9241666666666667], [0.0125, 0.9225], [0.01, 0.9216666666666666], [0.008333333333333333, 0.92], [0.005833333333333334, 0.9183333333333333], [0.0033333333333333335, 0.9166666666666666], [0.0016666666666666668, 0.9158333333333334]], "additionalOutlinePaths": [[[0.5216666666666666, 0.26666666666666666], [0.5208333333333334, 0.2683333333333333], [0.52, 0.27], [0.52, 0.27166666666666667], [0.5191666666666667, 0.27416666666666667], [0.5158333333333334, 0.28], [0.5158333333333334, 0.2816666666666667], [0.5141666666666667, 0.2841666666666667], [0.5141666666666667, 0.28583333333333333], [0.5108333333333334, 0.2916666666666667], [0.5108333333333334, 0.29333333333333333], [0.5083333333333333, 0.2975], [0.5083333333333333, 0.2991666666666667], [0.5066666666666667, 0.3016666666666667], [0.5066666666666667, 0.30333333333333334], [0.5041666666666667, 0.3075], [0.5041666666666667, 0.30916666666666665], [0.5025, 0.31083333333333335], [0.5016666666666667, 0.31333333333333335], [0.5016666666666667, 0.31833333333333336], [0.5091666666666667, 0.3258333333333333], [0.5108333333333334, 0.32666666666666666], [0.5133333333333333, 0.3275], [0.5166666666666667, 0.3283333333333333], [0.52, 0.32916666666666666], [0.5241666666666667, 0.33], [0.5275, 0.3308333333333333], [0.5316666666666666, 0.3308333333333333], [0.5366666666666666, 0.33166666666666667], [0.5375, 0.3333333333333333], [0.5425, 0.33416666666666667], [0.5458333333333333, 0.33416666666666667], [0.5475, 0.3358333333333333], [0.5508333333333333, 0.33666666666666667], [0.5541666666666667, 0.33666666666666667], [0.555, 0.335], [0.5566666666666666, 0.33166666666666667], [0.5566666666666666, 0.33], [0.5583333333333333, 0.3275], [0.5583333333333333, 0.3258333333333333], [0.5616666666666666, 0.32], [0.5616666666666666, 0.31833333333333336], [0.5633333333333334, 0.31583333333333335], [0.5633333333333334, 0.31416666666666665], [0.5658333333333333, 0.31], [0.5658333333333333, 0.30833333333333335], [0.5675, 0.30583333333333335], [0.5675, 0.30416666666666664], [0.57, 0.3], [0.57, 0.29833333333333334], [0.5733333333333334, 0.2925], [0.5733333333333334, 0.29083333333333333], [0.575, 0.28833333333333333], [0.575, 0.285], [0.5708333333333333, 0.28], [0.5666666666666667, 0.2758333333333333], [0.565, 0.275], [0.5608333333333333, 0.27416666666666667], [0.5575, 0.27416666666666667], [0.5541666666666667, 0.2733333333333333], [0.5533333333333333, 0.2725], [0.55, 0.27166666666666667], [0.5466666666666666, 0.2708333333333333], [0.5425, 0.27], [0.5391666666666667, 0.26916666666666667], [0.535, 0.2683333333333333], [0.5316666666666666, 0.2675], [0.5275, 0.26666666666666666]]]}