{"reference": "J13", "proportionalOutlinePath": [[0.0, 0.9258333333333333], [0.0, 0.9991666666666666], [0.11, 0.9991666666666666], [0.10916666666666666, 0.9966666666666667], [0.10666666666666667, 0.995], [0.10416666666666667, 0.9933333333333333], [0.10166666666666667, 0.9916666666666667], [0.09916666666666667, 0.99], [0.09666666666666666, 0.9891666666666666], [0.09416666666666666, 0.9875], [0.09166666666666666, 0.985], [0.08916666666666667, 0.9833333333333333], [0.08666666666666667, 0.9825], [0.08416666666666667, 0.9808333333333333], [0.0825, 0.9791666666666666], [0.08, 0.9775], [0.07666666666666666, 0.975], [0.07416666666666667, 0.9741666666666666], [0.0725, 0.9725], [0.07, 0.9708333333333333], [0.0675, 0.9691666666666666], [0.065, 0.9675], [0.0625, 0.9658333333333333], [0.06, 0.9641666666666666], [0.0575, 0.9625], [0.055, 0.9608333333333333], [0.0525, 0.9591666666666666], [0.05, 0.9575], [0.0475, 0.9566666666666667], [0.045, 0.9541666666666667], [0.0425, 0.9533333333333334], [0.04083333333333333, 0.9516666666666667], [0.03833333333333333, 0.95], [0.035833333333333335, 0.9483333333333334], [0.03333333333333333, 0.9466666666666667], [0.030833333333333334, 0.945], [0.028333333333333332, 0.9433333333333334], [0.025833333333333333, 0.9416666666666667], [0.023333333333333334, 0.94], [0.020833333333333332, 0.9383333333333334], [0.018333333333333333, 0.9366666666666666], [0.015833333333333335, 0.9358333333333333], [0.013333333333333334, 0.9333333333333333], [0.010833333333333334, 0.9325], [0.009166666666666667, 0.9308333333333333], [0.006666666666666667, 0.9291666666666667], [0.004166666666666667, 0.9275], [0.0016666666666666668, 0.9258333333333333]], "additionalOutlinePaths": [[[0.6016666666666667, 0.2841666666666667], [0.6016666666666667, 0.28583333333333333], [0.5991666666666666, 0.29], [0.5991666666666666, 0.2916666666666667], [0.5966666666666667, 0.29583333333333334], [0.5966666666666667, 0.2975], [0.5941666666666666, 0.3016666666666667], [0.5941666666666666, 0.30333333333333334], [0.5916666666666667, 0.3075], [0.5916666666666667, 0.31], [0.59, 0.31166666666666665], [0.59, 0.31333333333333335], [0.5883333333333334, 0.31583333333333335], [0.5883333333333334, 0.3175], [0.5866666666666667, 0.32], [0.5866666666666667, 0.32166666666666666], [0.5841666666666666, 0.3258333333333333], [0.5841666666666666, 0.3275], [0.5825, 0.32916666666666666], [0.5816666666666667, 0.33166666666666667], [0.5816666666666667, 0.33666666666666667], [0.5841666666666666, 0.34], [0.5891666666666666, 0.345], [0.5916666666666667, 0.3458333333333333], [0.5941666666666666, 0.3466666666666667], [0.5975, 0.3475], [0.6008333333333333, 0.34833333333333333], [0.6041666666666666, 0.3491666666666667], [0.6083333333333333, 0.35], [0.6125, 0.35], [0.6175, 0.35083333333333333], [0.6191666666666666, 0.3525], [0.6233333333333333, 0.3525], [0.6283333333333333, 0.35333333333333333], [0.6291666666666667, 0.355], [0.6316666666666667, 0.355], [0.6366666666666667, 0.35583333333333333], [0.6383333333333333, 0.3541666666666667], [0.6383333333333333, 0.3525], [0.6416666666666667, 0.3466666666666667], [0.6425, 0.3441666666666667], [0.6425, 0.3425], [0.6433333333333333, 0.34], [0.6466666666666666, 0.33416666666666667], [0.6475, 0.33166666666666667], [0.6475, 0.33], [0.65, 0.3258333333333333], [0.65, 0.32416666666666666], [0.6525, 0.32], [0.6525, 0.31833333333333336], [0.6541666666666667, 0.31583333333333335], [0.6541666666666667, 0.31333333333333335], [0.6558333333333334, 0.31166666666666665], [0.6566666666666666, 0.30916666666666665], [0.6566666666666666, 0.3075], [0.6583333333333333, 0.30583333333333335], [0.6583333333333333, 0.3025], [0.6566666666666666, 0.3], [0.6541666666666667, 0.2966666666666667], [0.6516666666666666, 0.29333333333333333], [0.65, 0.2925], [0.6483333333333333, 0.2925], [0.645, 0.2916666666666667], [0.6441666666666667, 0.29083333333333333], [0.64, 0.29], [0.6366666666666667, 0.29], [0.6341666666666667, 0.2891666666666667], [0.6333333333333333, 0.28833333333333333], [0.6291666666666667, 0.28833333333333333], [0.625, 0.2875], [0.6216666666666667, 0.2866666666666667], [0.6208333333333333, 0.28583333333333333], [0.6175, 0.285], [0.6141666666666666, 0.2841666666666667], [0.6091666666666666, 0.2833333333333333]]]}