{"reference": "J13", "proportionalOutlinePath": [[0.0, 0.9158333333333334], [0.0, 0.9991666666666666], [0.12666666666666668, 0.9991666666666666], [0.12666666666666668, 0.9975], [0.125, 0.9958333333333333], [0.1225, 0.995], [0.12083333333333333, 0.9933333333333333], [0.11833333333333333, 0.9916666666666667], [0.11583333333333333, 0.99], [0.11333333333333333, 0.9891666666666666], [0.11083333333333334, 0.9875], [0.10833333333333334, 0.9858333333333333], [0.10666666666666667, 0.9841666666666666], [0.10416666666666667, 0.9825], [0.10166666666666667, 0.9808333333333333], [0.09916666666666667, 0.9791666666666666], [0.09666666666666666, 0.9775], [0.09416666666666666, 0.9766666666666667], [0.09166666666666666, 0.9741666666666666], [0.08916666666666667, 0.9733333333333334], [0.0875, 0.9716666666666667], [0.085, 0.97], [0.0825, 0.9683333333333334], [0.08, 0.9666666666666667], [0.0775, 0.965], [0.075, 0.9633333333333334], [0.0725, 0.9625], [0.07, 0.9608333333333333], [0.06833333333333333, 0.9591666666666666], [0.06583333333333333, 0.9575], [0.06333333333333334, 0.9558333333333333], [0.060833333333333336, 0.9541666666666667], [0.058333333333333334, 0.9525], [0.05583333333333333, 0.9508333333333333], [0.05333333333333334, 0.9491666666666667], [0.050833333333333335, 0.9475], [0.04833333333333333, 0.9466666666666667], [0.04666666666666667, 0.945], [0.04416666666666667, 0.9433333333333334], [0.041666666666666664, 0.9416666666666667], [0.03916666666666667, 0.94], [0.03666666666666667, 0.9383333333333334], [0.034166666666666665, 0.9366666666666666], [0.03166666666666667, 0.9358333333333333], [0.03, 0.9341666666666667], [0.0275, 0.9325], [0.025, 0.9308333333333333], [0.0225, 0.9291666666666667], [0.02, 0.9275], [0.0175, 0.9258333333333333], [0.015, 0.9241666666666667], [0.0125, 0.9225], [0.01, 0.9216666666666666], [0.008333333333333333, 0.92], [0.005833333333333334, 0.9183333333333333], [0.0033333333333333335, 0.9166666666666666], [0.0016666666666666668, 0.9158333333333334]], "additionalOutlinePaths": [[[0.6058333333333333, 0.28583333333333333], [0.6058333333333333, 0.2875], [0.6041666666666666, 0.29], [0.6041666666666666, 0.2916666666666667], [0.6033333333333334, 0.2941666666666667], [0.6008333333333333, 0.29833333333333334], [0.6008333333333333, 0.3], [0.5991666666666666, 0.3025], [0.5991666666666666, 0.30416666666666664], [0.5975, 0.30583333333333335], [0.5975, 0.3075], [0.5966666666666667, 0.31], [0.5941666666666666, 0.31416666666666665], [0.5941666666666666, 0.31583333333333335], [0.5916666666666667, 0.32], [0.5916666666666667, 0.32166666666666666], [0.59, 0.32416666666666666], [0.59, 0.3258333333333333], [0.5875, 0.33], [0.5875, 0.33166666666666667], [0.5858333333333333, 0.33416666666666667], [0.5858333333333333, 0.3383333333333333], [0.59, 0.3433333333333333], [0.5933333333333334, 0.3466666666666667], [0.595, 0.3475], [0.5983333333333334, 0.34833333333333333], [0.6016666666666667, 0.34833333333333333], [0.605, 0.3491666666666667], [0.6058333333333333, 0.35], [0.6083333333333333, 0.35083333333333333], [0.6125, 0.3516666666666667], [0.6175, 0.3516666666666667], [0.6216666666666667, 0.3525], [0.6233333333333333, 0.3541666666666667], [0.6325, 0.355], [0.6333333333333333, 0.3566666666666667], [0.6358333333333334, 0.3566666666666667], [0.6408333333333334, 0.3575], [0.6425, 0.35583333333333333], [0.6425, 0.3541666666666667], [0.6433333333333333, 0.3516666666666667], [0.645, 0.3491666666666667], [0.645, 0.3475], [0.6466666666666666, 0.345], [0.6466666666666666, 0.3433333333333333], [0.6491666666666667, 0.33916666666666667], [0.6491666666666667, 0.3375], [0.6508333333333334, 0.335], [0.6508333333333334, 0.3333333333333333], [0.6533333333333333, 0.32916666666666666], [0.6541666666666667, 0.32666666666666666], [0.6541666666666667, 0.325], [0.6575, 0.31916666666666665], [0.6583333333333333, 0.31666666666666665], [0.6583333333333333, 0.315], [0.66, 0.3125], [0.66, 0.31083333333333335], [0.6616666666666666, 0.30833333333333335], [0.6616666666666666, 0.30416666666666664], [0.66, 0.3016666666666667], [0.6583333333333333, 0.2991666666666667], [0.655, 0.295], [0.6533333333333333, 0.2941666666666667], [0.6491666666666667, 0.2941666666666667], [0.6458333333333334, 0.29333333333333333], [0.6416666666666667, 0.2925], [0.6383333333333333, 0.2916666666666667], [0.6375, 0.29083333333333333], [0.6333333333333333, 0.29083333333333333], [0.6308333333333334, 0.29], [0.63, 0.2891666666666667], [0.6258333333333334, 0.2891666666666667], [0.6233333333333333, 0.28833333333333333], [0.6225, 0.2875], [0.6183333333333333, 0.2866666666666667], [0.6141666666666666, 0.28583333333333333], [0.61, 0.285]]]}