{"reference": "J14", "proportionalOutlinePath": [[0.0, 0.9158333333333334], [0.0, 0.9991666666666666], [0.12666666666666668, 0.9991666666666666], [0.12666666666666668, 0.9975], [0.125, 0.9958333333333333], [0.1225, 0.995], [0.12083333333333333, 0.9933333333333333], [0.11833333333333333, 0.9916666666666667], [0.11583333333333333, 0.99], [0.11333333333333333, 0.9891666666666666], [0.11083333333333334, 0.9875], [0.10833333333333334, 0.9858333333333333], [0.10666666666666667, 0.9841666666666666], [0.10416666666666667, 0.9825], [0.10166666666666667, 0.9808333333333333], [0.09916666666666667, 0.9791666666666666], [0.09666666666666666, 0.9775], [0.09416666666666666, 0.9766666666666667], [0.09166666666666666, 0.9741666666666666], [0.08916666666666667, 0.9733333333333334], [0.0875, 0.9716666666666667], [0.085, 0.97], [0.0825, 0.9683333333333334], [0.08, 0.9666666666666667], [0.0775, 0.965], [0.075, 0.9633333333333334], [0.0725, 0.9625], [0.07, 0.9608333333333333], [0.06833333333333333, 0.9591666666666666], [0.06583333333333333, 0.9575], [0.06333333333333334, 0.9558333333333333], [0.060833333333333336, 0.9541666666666667], [0.058333333333333334, 0.9525], [0.05583333333333333, 0.9508333333333333], [0.05333333333333334, 0.9491666666666667], [0.050833333333333335, 0.9475], [0.04833333333333333, 0.9466666666666667], [0.04666666666666667, 0.945], [0.04416666666666667, 0.9433333333333334], [0.041666666666666664, 0.9416666666666667], [0.03916666666666667, 0.94], [0.03666666666666667, 0.9383333333333334], [0.034166666666666665, 0.9366666666666666], [0.03166666666666667, 0.9358333333333333], [0.03, 0.9341666666666667], [0.0275, 0.9325], [0.025, 0.9308333333333333], [0.0225, 0.9291666666666667], [0.02, 0.9275], [0.0175, 0.9258333333333333], [0.015, 0.9241666666666667], [0.0125, 0.9225], [0.01, 0.9216666666666666], [0.008333333333333333, 0.92], [0.005833333333333334, 0.9183333333333333], [0.0033333333333333335, 0.9166666666666666], [0.0016666666666666668, 0.9158333333333334]], "additionalOutlinePaths": [[[0.6975, 0.305], [0.6966666666666667, 0.30666666666666664], [0.6966666666666667, 0.30833333333333335], [0.6958333333333333, 0.31083333333333335], [0.6941666666666667, 0.31333333333333335], [0.6941666666666667, 0.315], [0.6925, 0.3175], [0.6925, 0.31916666666666665], [0.69, 0.3233333333333333], [0.69, 0.325], [0.6883333333333334, 0.3275], [0.6883333333333334, 0.32916666666666666], [0.6875, 0.33166666666666667], [0.6858333333333333, 0.33416666666666667], [0.6858333333333333, 0.3358333333333333], [0.6833333333333333, 0.34], [0.6833333333333333, 0.3425], [0.6816666666666666, 0.3441666666666667], [0.6808333333333333, 0.3466666666666667], [0.6808333333333333, 0.34833333333333333], [0.6775, 0.3541666666666667], [0.6766666666666666, 0.3566666666666667], [0.6766666666666666, 0.36], [0.6775, 0.3616666666666667], [0.68, 0.3641666666666667], [0.6825, 0.36833333333333335], [0.6841666666666667, 0.36916666666666664], [0.6866666666666666, 0.36916666666666664], [0.6891666666666667, 0.37], [0.69, 0.37083333333333335], [0.6933333333333334, 0.37083333333333335], [0.6958333333333333, 0.37166666666666665], [0.6966666666666667, 0.3725], [0.7, 0.37333333333333335], [0.7033333333333334, 0.37416666666666665], [0.7091666666666666, 0.37416666666666665], [0.7133333333333334, 0.375], [0.715, 0.37666666666666665], [0.7191666666666666, 0.37666666666666665], [0.7208333333333333, 0.37833333333333335], [0.7258333333333333, 0.37833333333333335], [0.7275, 0.38], [0.7316666666666667, 0.38083333333333336], [0.735, 0.38083333333333336], [0.735, 0.37833333333333335], [0.7375, 0.37416666666666665], [0.7375, 0.3725], [0.7391666666666666, 0.37], [0.7391666666666666, 0.36833333333333335], [0.7416666666666667, 0.3641666666666667], [0.7425, 0.3616666666666667], [0.7425, 0.36], [0.7441666666666666, 0.3575], [0.7441666666666666, 0.35583333333333333], [0.7458333333333333, 0.35333333333333333], [0.7458333333333333, 0.3516666666666667], [0.7475, 0.3491666666666667], [0.7483333333333333, 0.3466666666666667], [0.7483333333333333, 0.345], [0.75, 0.3425], [0.75, 0.3408333333333333], [0.7516666666666667, 0.33916666666666667], [0.7516666666666667, 0.33666666666666667], [0.7533333333333333, 0.335], [0.7541666666666667, 0.3325], [0.755, 0.33], [0.755, 0.32416666666666666], [0.7533333333333333, 0.32083333333333336], [0.75, 0.3175], [0.7475, 0.315], [0.7441666666666666, 0.31416666666666665], [0.7408333333333333, 0.31333333333333335], [0.7366666666666667, 0.3125], [0.7325, 0.31166666666666665], [0.7291666666666666, 0.31166666666666665], [0.725, 0.31083333333333335], [0.7208333333333333, 0.31], [0.7175, 0.30916666666666665], [0.715, 0.30833333333333335], [0.7141666666666666, 0.3075], [0.71, 0.30666666666666664], [0.7066666666666667, 0.30583333333333335], [0.7033333333333334, 0.305]]]}