{"reference": "J14", "proportionalOutlinePath": [[0.0, 0.9258333333333333], [0.0, 0.9991666666666666], [0.11, 0.9991666666666666], [0.10916666666666666, 0.9966666666666667], [0.10666666666666667, 0.995], [0.10416666666666667, 0.9933333333333333], [0.10166666666666667, 0.9916666666666667], [0.09916666666666667, 0.99], [0.09666666666666666, 0.9891666666666666], [0.09416666666666666, 0.9875], [0.09166666666666666, 0.985], [0.08916666666666667, 0.9833333333333333], [0.08666666666666667, 0.9825], [0.08416666666666667, 0.9808333333333333], [0.0825, 0.9791666666666666], [0.08, 0.9775], [0.07666666666666666, 0.975], [0.07416666666666667, 0.9741666666666666], [0.0725, 0.9725], [0.07, 0.9708333333333333], [0.0675, 0.9691666666666666], [0.065, 0.9675], [0.0625, 0.9658333333333333], [0.06, 0.9641666666666666], [0.0575, 0.9625], [0.055, 0.9608333333333333], [0.0525, 0.9591666666666666], [0.05, 0.9575], [0.0475, 0.9566666666666667], [0.045, 0.9541666666666667], [0.0425, 0.9533333333333334], [0.04083333333333333, 0.9516666666666667], [0.03833333333333333, 0.95], [0.035833333333333335, 0.9483333333333334], [0.03333333333333333, 0.9466666666666667], [0.030833333333333334, 0.945], [0.028333333333333332, 0.9433333333333334], [0.025833333333333333, 0.9416666666666667], [0.023333333333333334, 0.94], [0.020833333333333332, 0.9383333333333334], [0.018333333333333333, 0.9366666666666666], [0.015833333333333335, 0.9358333333333333], [0.013333333333333334, 0.9333333333333333], [0.010833333333333334, 0.9325], [0.009166666666666667, 0.9308333333333333], [0.006666666666666667, 0.9291666666666667], [0.004166666666666667, 0.9275], [0.0016666666666666668, 0.9258333333333333]], "additionalOutlinePaths": [[[0.6941666666666667, 0.30333333333333334], [0.6933333333333334, 0.305], [0.6933333333333334, 0.30666666666666664], [0.6916666666666667, 0.30916666666666665], [0.6916666666666667, 0.31083333333333335], [0.6908333333333333, 0.31333333333333335], [0.6891666666666667, 0.315], [0.6891666666666667, 0.3175], [0.6875, 0.31916666666666665], [0.6875, 0.32083333333333336], [0.685, 0.325], [0.6841666666666667, 0.3275], [0.6841666666666667, 0.32916666666666666], [0.6825, 0.33166666666666667], [0.6825, 0.3333333333333333], [0.6816666666666666, 0.3358333333333333], [0.68, 0.3383333333333333], [0.68, 0.34], [0.6783333333333333, 0.3416666666666667], [0.6783333333333333, 0.3441666666666667], [0.6758333333333333, 0.34833333333333333], [0.675, 0.35083333333333333], [0.675, 0.3525], [0.6733333333333333, 0.3541666666666667], [0.6733333333333333, 0.3591666666666667], [0.6758333333333333, 0.3625], [0.6775, 0.365], [0.68, 0.3675], [0.6816666666666666, 0.36833333333333335], [0.685, 0.36833333333333335], [0.6883333333333334, 0.36916666666666664], [0.6916666666666667, 0.37], [0.695, 0.37083333333333335], [0.6958333333333333, 0.37166666666666665], [0.6991666666666667, 0.37166666666666665], [0.7016666666666667, 0.37333333333333335], [0.71, 0.37333333333333335], [0.7116666666666667, 0.375], [0.7158333333333333, 0.375], [0.7175, 0.37666666666666665], [0.7225, 0.37666666666666665], [0.7241666666666666, 0.37833333333333335], [0.7258333333333333, 0.37916666666666665], [0.7325, 0.37833333333333335], [0.7325, 0.37666666666666665], [0.7333333333333333, 0.37333333333333335], [0.735, 0.37166666666666665], [0.735, 0.37], [0.7358333333333333, 0.3675], [0.7375, 0.36583333333333334], [0.7375, 0.36333333333333334], [0.74, 0.3591666666666667], [0.74, 0.3575], [0.7416666666666667, 0.355], [0.7425, 0.3525], [0.7425, 0.35083333333333333], [0.7441666666666666, 0.34833333333333333], [0.7441666666666666, 0.3466666666666667], [0.7458333333333333, 0.3441666666666667], [0.7458333333333333, 0.3425], [0.7475, 0.34], [0.7475, 0.3383333333333333], [0.75, 0.33416666666666667], [0.75, 0.33166666666666667], [0.7516666666666667, 0.33], [0.7525, 0.3283333333333333], [0.7525, 0.3225], [0.7508333333333334, 0.32], [0.7491666666666666, 0.31833333333333336], [0.7491666666666666, 0.31666666666666665], [0.7466666666666667, 0.31416666666666665], [0.7433333333333333, 0.3125], [0.7391666666666666, 0.31166666666666665], [0.7358333333333333, 0.31166666666666665], [0.7333333333333333, 0.31083333333333335], [0.7325, 0.31], [0.7275, 0.31], [0.725, 0.30833333333333335], [0.72, 0.3075], [0.7158333333333333, 0.3075], [0.7125, 0.30666666666666664], [0.7091666666666666, 0.30583333333333335], [0.7083333333333334, 0.305], [0.7041666666666667, 0.30416666666666664], [0.7008333333333333, 0.30333333333333334]]]}