{"reference": "J15", "proportionalOutlinePath": [[0.0, 0.9158333333333334], [0.0, 0.9991666666666666], [0.12666666666666668, 0.9991666666666666], [0.12666666666666668, 0.9975], [0.125, 0.9958333333333333], [0.1225, 0.995], [0.12083333333333333, 0.9933333333333333], [0.11833333333333333, 0.9916666666666667], [0.11583333333333333, 0.99], [0.11333333333333333, 0.9891666666666666], [0.11083333333333334, 0.9875], [0.10833333333333334, 0.9858333333333333], [0.10666666666666667, 0.9841666666666666], [0.10416666666666667, 0.9825], [0.10166666666666667, 0.9808333333333333], [0.09916666666666667, 0.9791666666666666], [0.09666666666666666, 0.9775], [0.09416666666666666, 0.9766666666666667], [0.09166666666666666, 0.9741666666666666], [0.08916666666666667, 0.9733333333333334], [0.0875, 0.9716666666666667], [0.085, 0.97], [0.0825, 0.9683333333333334], [0.08, 0.9666666666666667], [0.0775, 0.965], [0.075, 0.9633333333333334], [0.0725, 0.9625], [0.07, 0.9608333333333333], [0.06833333333333333, 0.9591666666666666], [0.06583333333333333, 0.9575], [0.06333333333333334, 0.9558333333333333], [0.060833333333333336, 0.9541666666666667], [0.058333333333333334, 0.9525], [0.05583333333333333, 0.9508333333333333], [0.05333333333333334, 0.9491666666666667], [0.050833333333333335, 0.9475], [0.04833333333333333, 0.9466666666666667], [0.04666666666666667, 0.945], [0.04416666666666667, 0.9433333333333334], [0.041666666666666664, 0.9416666666666667], [0.03916666666666667, 0.94], [0.03666666666666667, 0.9383333333333334], [0.034166666666666665, 0.9366666666666666], [0.03166666666666667, 0.9358333333333333], [0.03, 0.9341666666666667], [0.0275, 0.9325], [0.025, 0.9308333333333333], [0.0225, 0.9291666666666667], [0.02, 0.9275], [0.0175, 0.9258333333333333], [0.015, 0.9241666666666667], [0.0125, 0.9225], [0.01, 0.9216666666666666], [0.008333333333333333, 0.92], [0.005833333333333334, 0.9183333333333333], [0.0033333333333333335, 0.9166666666666666], [0.0016666666666666668, 0.9158333333333334]], "additionalOutlinePaths": [[[0.7958333333333333, 0.32666666666666666], [0.795, 0.32916666666666666], [0.7941666666666667, 0.3308333333333333], [0.7941666666666667, 0.3325], [0.7933333333333333, 0.3358333333333333], [0.79, 0.3416666666666667], [0.79, 0.3433333333333333], [0.7883333333333333, 0.3458333333333333], [0.7883333333333333, 0.34833333333333333], [0.785, 0.3541666666666667], [0.785, 0.35583333333333333], [0.7833333333333333, 0.35833333333333334], [0.7833333333333333, 0.36083333333333334], [0.7816666666666666, 0.36333333333333334], [0.7816666666666666, 0.365], [0.78, 0.36666666666666664], [0.78, 0.37], [0.7758333333333334, 0.3775], [0.775, 0.38083333333333336], [0.775, 0.38416666666666666], [0.7758333333333334, 0.3858333333333333], [0.7775, 0.3875], [0.7783333333333333, 0.39], [0.78, 0.3925], [0.7816666666666666, 0.3933333333333333], [0.7841666666666667, 0.3933333333333333], [0.7875, 0.39416666666666667], [0.7883333333333333, 0.395], [0.7925, 0.395], [0.795, 0.39666666666666667], [0.7991666666666667, 0.3975], [0.8025, 0.3983333333333333], [0.8075, 0.3983333333333333], [0.8091666666666667, 0.4], [0.8133333333333334, 0.4], [0.8191666666666667, 0.4008333333333333], [0.8208333333333333, 0.4025], [0.8258333333333333, 0.4025], [0.8275, 0.4041666666666667], [0.8291666666666667, 0.405], [0.8358333333333333, 0.405], [0.8366666666666667, 0.4033333333333333], [0.8375, 0.40166666666666667], [0.8375, 0.39916666666666667], [0.8383333333333334, 0.3975], [0.84, 0.3958333333333333], [0.84, 0.3933333333333333], [0.8416666666666667, 0.39166666666666666], [0.8416666666666667, 0.3883333333333333], [0.8433333333333334, 0.38666666666666666], [0.8433333333333334, 0.385], [0.845, 0.3825], [0.845, 0.38083333333333336], [0.8458333333333333, 0.37833333333333335], [0.8475, 0.37666666666666665], [0.8475, 0.37333333333333335], [0.8491666666666666, 0.37166666666666665], [0.85, 0.37], [0.8508333333333333, 0.36666666666666664], [0.8508333333333333, 0.365], [0.8525, 0.3625], [0.8525, 0.36], [0.8533333333333334, 0.35833333333333334], [0.855, 0.3566666666666667], [0.8558333333333333, 0.35333333333333333], [0.8566666666666667, 0.35083333333333333], [0.8566666666666667, 0.3466666666666667], [0.855, 0.345], [0.855, 0.3433333333333333], [0.8533333333333334, 0.3416666666666667], [0.8525, 0.33916666666666667], [0.8508333333333333, 0.3375], [0.8466666666666667, 0.33666666666666667], [0.8425, 0.3358333333333333], [0.8391666666666666, 0.335], [0.8358333333333333, 0.335], [0.8325, 0.33416666666666667], [0.8316666666666667, 0.3333333333333333], [0.8283333333333334, 0.3333333333333333], [0.8241666666666667, 0.3325], [0.8216666666666667, 0.3308333333333333], [0.8166666666666667, 0.3308333333333333], [0.8141666666666667, 0.33], [0.8133333333333334, 0.32916666666666666], [0.8083333333333333, 0.32916666666666666], [0.8058333333333333, 0.3275], [0.8016666666666666, 0.32666666666666666]]]}