{"reference": "J1", "proportionalOutlinePath": [[0.3491666666666667, 0.3075], [0.34833333333333333, 0.30916666666666665], [0.34833333333333333, 0.31083333333333335], [0.3466666666666667, 0.31333333333333335], [0.3466666666666667, 0.315], [0.345, 0.3175], [0.345, 0.31916666666666665], [0.3425, 0.3233333333333333], [0.3425, 0.325], [0.33916666666666667, 0.3308333333333333], [0.33916666666666667, 0.3325], [0.3375, 0.335], [0.33666666666666667, 0.3375], [0.33666666666666667, 0.3475], [0.3383333333333333, 0.3541666666666667], [0.3416666666666667, 0.355], [0.3475, 0.35583333333333333], [0.3525, 0.3566666666666667], [0.35833333333333334, 0.3566666666666667], [0.3625, 0.3575], [0.3675, 0.35833333333333334], [0.36833333333333335, 0.3591666666666667], [0.37333333333333335, 0.3591666666666667], [0.37583333333333335, 0.36], [0.37666666666666665, 0.36083333333333334], [0.38083333333333336, 0.36083333333333334], [0.38166666666666665, 0.3591666666666667], [0.3825, 0.3575], [0.3825, 0.355], [0.38416666666666666, 0.3525], [0.38416666666666666, 0.35083333333333333], [0.38666666666666666, 0.3466666666666667], [0.38666666666666666, 0.345], [0.3883333333333333, 0.3425], [0.38916666666666666, 0.34], [0.39, 0.3375], [0.39, 0.3358333333333333], [0.39166666666666666, 0.3333333333333333], [0.39166666666666666, 0.33166666666666667], [0.3933333333333333, 0.32916666666666666], [0.3933333333333333, 0.325], [0.39166666666666666, 0.31333333333333335], [0.3875, 0.31333333333333335], [0.38333333333333336, 0.3125], [0.3825, 0.31166666666666665], [0.3775, 0.31166666666666665], [0.3725, 0.31083333333333335], [0.37166666666666665, 0.31], [0.36666666666666664, 0.30916666666666665], [0.3616666666666667, 0.30833333333333335], [0.3575, 0.3075]], "additionalOutlinePaths": [[[0.0, 0.9816666666666667], [0.0, 0.9991666666666666], [0.06583333333333333, 0.9991666666666666], [0.06583333333333333, 0.9975], [0.06333333333333334, 0.9975], [0.060833333333333336, 0.9966666666666667], [0.0575, 0.9958333333333333], [0.056666666666666664, 0.995], [0.05333333333333334, 0.9941666666666666], [0.049166666666666664, 0.9941666666666666], [0.04666666666666667, 0.9925], [0.043333333333333335, 0.9916666666666667], [0.03916666666666667, 0.9916666666666667], [0.03666666666666667, 0.9908333333333333], [0.035833333333333335, 0.99], [0.0325, 0.99], [0.029166666666666667, 0.9891666666666666], [0.02666666666666667, 0.9883333333333333], [0.025833333333333333, 0.9875], [0.023333333333333334, 0.9866666666666667], [0.019166666666666665, 0.9866666666666667], [0.015, 0.9858333333333333], [0.0125, 0.9841666666666666], [0.008333333333333333, 0.9833333333333333], [0.005, 0.9833333333333333], [0.0025, 0.9825], [0.0016666666666666668, 0.9816666666666667]]], "componentId": "te-connectivity-1-2212115-4"}