{"reference": "J10", "proportionalOutlinePath": [[0.42833333333333334, 0.32083333333333336], [0.4275, 0.3225], [0.4275, 0.32416666666666666], [0.42583333333333334, 0.32666666666666666], [0.42583333333333334, 0.3283333333333333], [0.425, 0.3308333333333333], [0.42333333333333334, 0.3333333333333333], [0.42333333333333334, 0.335], [0.4225, 0.3375], [0.4216666666666667, 0.3383333333333333], [0.4216666666666667, 0.34], [0.42, 0.3425], [0.4191666666666667, 0.345], [0.41833333333333333, 0.3475], [0.41833333333333333, 0.3491666666666667], [0.4166666666666667, 0.3516666666666667], [0.4166666666666667, 0.35833333333333334], [0.4175, 0.3675], [0.42, 0.3675], [0.425, 0.36833333333333335], [0.43, 0.36916666666666664], [0.43083333333333335, 0.37], [0.435, 0.37083333333333335], [0.4425, 0.37083333333333335], [0.4475, 0.37166666666666665], [0.4533333333333333, 0.3725], [0.455, 0.37416666666666665], [0.46166666666666667, 0.37333333333333335], [0.46166666666666667, 0.37166666666666665], [0.4625, 0.36916666666666664], [0.4633333333333333, 0.36666666666666664], [0.46416666666666667, 0.3641666666666667], [0.4658333333333333, 0.3616666666666667], [0.4658333333333333, 0.36], [0.4666666666666667, 0.3566666666666667], [0.4683333333333333, 0.3541666666666667], [0.4691666666666667, 0.3516666666666667], [0.47, 0.3491666666666667], [0.4708333333333333, 0.3466666666666667], [0.4716666666666667, 0.3441666666666667], [0.4716666666666667, 0.32666666666666666], [0.4691666666666667, 0.32666666666666666], [0.4633333333333333, 0.3258333333333333], [0.45916666666666667, 0.325], [0.45416666666666666, 0.32416666666666666], [0.44916666666666666, 0.3233333333333333], [0.4483333333333333, 0.3225], [0.44333333333333336, 0.32166666666666666], [0.43833333333333335, 0.32083333333333336], [0.4325, 0.32]], "additionalOutlinePaths": [[[0.0, 0.9816666666666667], [0.0, 0.9991666666666666], [0.06583333333333333, 0.9991666666666666], [0.06583333333333333, 0.9975], [0.06333333333333334, 0.9975], [0.060833333333333336, 0.9966666666666667], [0.0575, 0.9958333333333333], [0.056666666666666664, 0.995], [0.05333333333333334, 0.9941666666666666], [0.049166666666666664, 0.9941666666666666], [0.04666666666666667, 0.9925], [0.043333333333333335, 0.9916666666666667], [0.03916666666666667, 0.9916666666666667], [0.03666666666666667, 0.9908333333333333], [0.035833333333333335, 0.99], [0.0325, 0.99], [0.029166666666666667, 0.9891666666666666], [0.02666666666666667, 0.9883333333333333], [0.025833333333333333, 0.9875], [0.023333333333333334, 0.9866666666666667], [0.019166666666666665, 0.9866666666666667], [0.015, 0.9858333333333333], [0.0125, 0.9841666666666666], [0.008333333333333333, 0.9833333333333333], [0.005, 0.9833333333333333], [0.0025, 0.9825], [0.0016666666666666668, 0.9816666666666667]]]}