{"reference": "J11", "proportionalOutlinePath": [[0.5091666666666667, 0.3333333333333333], [0.5083333333333333, 0.335], [0.5075, 0.33666666666666667], [0.5075, 0.33916666666666667], [0.5066666666666667, 0.3416666666666667], [0.5058333333333334, 0.3441666666666667], [0.505, 0.3466666666666667], [0.5041666666666667, 0.3491666666666667], [0.5033333333333333, 0.3525], [0.5016666666666667, 0.355], [0.5008333333333334, 0.35833333333333334], [0.5, 0.36083333333333334], [0.49916666666666665, 0.36333333333333334], [0.49833333333333335, 0.36583333333333334], [0.49916666666666665, 0.38166666666666665], [0.5041666666666667, 0.38166666666666665], [0.5083333333333333, 0.3825], [0.5133333333333333, 0.38333333333333336], [0.5141666666666667, 0.38416666666666666], [0.5191666666666667, 0.38416666666666666], [0.5241666666666667, 0.385], [0.5291666666666667, 0.3858333333333333], [0.535, 0.38666666666666666], [0.5375, 0.3875], [0.5383333333333333, 0.3883333333333333], [0.5433333333333333, 0.3875], [0.5433333333333333, 0.3858333333333333], [0.5441666666666667, 0.3825], [0.545, 0.38], [0.5458333333333333, 0.37666666666666665], [0.5466666666666666, 0.37416666666666665], [0.5475, 0.37083333333333335], [0.5483333333333333, 0.37], [0.5491666666666667, 0.3675], [0.55, 0.365], [0.5508333333333333, 0.3616666666666667], [0.5516666666666666, 0.35833333333333334], [0.5525, 0.35583333333333333], [0.5525, 0.34], [0.5491666666666667, 0.34], [0.5441666666666667, 0.33916666666666667], [0.54, 0.3383333333333333], [0.5391666666666667, 0.3375], [0.5341666666666667, 0.3375], [0.5291666666666667, 0.33666666666666667], [0.5283333333333333, 0.3358333333333333], [0.5233333333333333, 0.335], [0.5183333333333333, 0.33416666666666667], [0.5141666666666667, 0.3333333333333333]], "additionalOutlinePaths": [[[0.0, 0.9816666666666667], [0.0, 0.9991666666666666], [0.06583333333333333, 0.9991666666666666], [0.06583333333333333, 0.9975], [0.06333333333333334, 0.9975], [0.060833333333333336, 0.9966666666666667], [0.0575, 0.9958333333333333], [0.056666666666666664, 0.995], [0.05333333333333334, 0.9941666666666666], [0.049166666666666664, 0.9941666666666666], [0.04666666666666667, 0.9925], [0.043333333333333335, 0.9916666666666667], [0.03916666666666667, 0.9916666666666667], [0.03666666666666667, 0.9908333333333333], [0.035833333333333335, 0.99], [0.0325, 0.99], [0.029166666666666667, 0.9891666666666666], [0.02666666666666667, 0.9883333333333333], [0.025833333333333333, 0.9875], [0.023333333333333334, 0.9866666666666667], [0.019166666666666665, 0.9866666666666667], [0.015, 0.9858333333333333], [0.0125, 0.9841666666666666], [0.008333333333333333, 0.9833333333333333], [0.005, 0.9833333333333333], [0.0025, 0.9825], [0.0016666666666666668, 0.9816666666666667]]]}