{"reference": "J12", "proportionalOutlinePath": [[0.59, 0.34833333333333333], [0.59, 0.35], [0.5891666666666666, 0.35333333333333333], [0.5883333333333334, 0.3566666666666667], [0.5875, 0.36], [0.5866666666666667, 0.36333333333333334], [0.5858333333333333, 0.36666666666666664], [0.585, 0.3675], [0.5841666666666666, 0.37], [0.5833333333333334, 0.37333333333333335], [0.5825, 0.37666666666666665], [0.5816666666666667, 0.38], [0.5808333333333333, 0.38916666666666666], [0.5808333333333333, 0.395], [0.5825, 0.3958333333333333], [0.5866666666666667, 0.3958333333333333], [0.5916666666666667, 0.39666666666666667], [0.5966666666666667, 0.3975], [0.6025, 0.3983333333333333], [0.6075, 0.39916666666666667], [0.6116666666666667, 0.4], [0.6125, 0.4008333333333333], [0.6183333333333333, 0.4008333333333333], [0.6216666666666667, 0.40166666666666667], [0.6225, 0.4025], [0.6258333333333334, 0.4025], [0.6266666666666667, 0.4008333333333333], [0.6266666666666667, 0.3983333333333333], [0.6275, 0.39416666666666667], [0.6283333333333333, 0.3908333333333333], [0.6291666666666667, 0.3875], [0.63, 0.38416666666666666], [0.6308333333333334, 0.38333333333333336], [0.6316666666666667, 0.37916666666666665], [0.6325, 0.37583333333333335], [0.6333333333333333, 0.3725], [0.6341666666666667, 0.36833333333333335], [0.635, 0.3625], [0.6341666666666667, 0.35333333333333333], [0.63, 0.35333333333333333], [0.625, 0.3525], [0.62, 0.3516666666666667], [0.6158333333333333, 0.35083333333333333], [0.615, 0.35], [0.6091666666666666, 0.3491666666666667], [0.6041666666666666, 0.34833333333333333], [0.5991666666666666, 0.3475]], "additionalOutlinePaths": [[[0.0, 0.9816666666666667], [0.0, 0.9991666666666666], [0.06583333333333333, 0.9991666666666666], [0.06583333333333333, 0.9975], [0.06333333333333334, 0.9975], [0.060833333333333336, 0.9966666666666667], [0.0575, 0.9958333333333333], [0.056666666666666664, 0.995], [0.05333333333333334, 0.9941666666666666], [0.049166666666666664, 0.9941666666666666], [0.04666666666666667, 0.9925], [0.043333333333333335, 0.9916666666666667], [0.03916666666666667, 0.9916666666666667], [0.03666666666666667, 0.9908333333333333], [0.035833333333333335, 0.99], [0.0325, 0.99], [0.029166666666666667, 0.9891666666666666], [0.02666666666666667, 0.9883333333333333], [0.025833333333333333, 0.9875], [0.023333333333333334, 0.9866666666666667], [0.019166666666666665, 0.9866666666666667], [0.015, 0.9858333333333333], [0.0125, 0.9841666666666666], [0.008333333333333333, 0.9833333333333333], [0.005, 0.9833333333333333], [0.0025, 0.9825], [0.0016666666666666668, 0.9816666666666667]]]}