{"reference": "J13", "proportionalOutlinePath": [[0.6733333333333333, 0.36083333333333334], [0.6733333333333333, 0.36333333333333334], [0.6725, 0.3675], [0.6716666666666666, 0.37166666666666665], [0.6708333333333333, 0.375], [0.67, 0.37916666666666665], [0.6691666666666667, 0.38333333333333336], [0.6683333333333333, 0.38416666666666666], [0.6675, 0.3883333333333333], [0.6666666666666666, 0.39166666666666666], [0.6658333333333334, 0.39666666666666667], [0.665, 0.4025], [0.6658333333333334, 0.41], [0.67, 0.41], [0.675, 0.41083333333333333], [0.6758333333333333, 0.4116666666666667], [0.6808333333333333, 0.4116666666666667], [0.6866666666666666, 0.4125], [0.6908333333333333, 0.41333333333333333], [0.6916666666666667, 0.4141666666666667], [0.6966666666666667, 0.415], [0.7025, 0.415], [0.705, 0.41583333333333333], [0.7058333333333333, 0.4166666666666667], [0.7108333333333333, 0.4166666666666667], [0.7108333333333333, 0.41333333333333333], [0.7116666666666667, 0.4083333333333333], [0.7125, 0.4041666666666667], [0.7133333333333334, 0.4], [0.7141666666666666, 0.39916666666666667], [0.7141666666666666, 0.39416666666666667], [0.715, 0.39], [0.7158333333333333, 0.3858333333333333], [0.7166666666666667, 0.385], [0.7175, 0.38083333333333336], [0.7183333333333334, 0.37583333333333335], [0.7191666666666666, 0.37166666666666665], [0.7183333333333334, 0.3675], [0.715, 0.36666666666666664], [0.71, 0.36583333333333334], [0.7058333333333333, 0.365], [0.7008333333333333, 0.365], [0.6958333333333333, 0.3641666666666667], [0.6916666666666667, 0.36333333333333334], [0.6908333333333333, 0.3625], [0.6858333333333333, 0.3616666666666667], [0.6808333333333333, 0.36083333333333334]], "additionalOutlinePaths": [[[0.0, 0.9816666666666667], [0.0, 0.9991666666666666], [0.06583333333333333, 0.9991666666666666], [0.06583333333333333, 0.9975], [0.06333333333333334, 0.9975], [0.060833333333333336, 0.9966666666666667], [0.0575, 0.9958333333333333], [0.056666666666666664, 0.995], [0.05333333333333334, 0.9941666666666666], [0.049166666666666664, 0.9941666666666666], [0.04666666666666667, 0.9925], [0.043333333333333335, 0.9916666666666667], [0.03916666666666667, 0.9916666666666667], [0.03666666666666667, 0.9908333333333333], [0.035833333333333335, 0.99], [0.0325, 0.99], [0.029166666666666667, 0.9891666666666666], [0.02666666666666667, 0.9883333333333333], [0.025833333333333333, 0.9875], [0.023333333333333334, 0.9866666666666667], [0.019166666666666665, 0.9866666666666667], [0.015, 0.9858333333333333], [0.0125, 0.9841666666666666], [0.008333333333333333, 0.9833333333333333], [0.005, 0.9833333333333333], [0.0025, 0.9825], [0.0016666666666666668, 0.9816666666666667]]]}