{"reference": "J14", "proportionalOutlinePath": [[0.7575, 0.37583333333333335], [0.7575, 0.37833333333333335], [0.7566666666666667, 0.3825], [0.7558333333333334, 0.38333333333333336], [0.755, 0.38666666666666666], [0.7541666666666667, 0.3925], [0.7533333333333333, 0.3983333333333333], [0.7525, 0.4033333333333333], [0.7516666666666667, 0.4091666666666667], [0.7508333333333334, 0.4141666666666667], [0.75, 0.4191666666666667], [0.75, 0.4241666666666667], [0.7541666666666667, 0.4241666666666667], [0.7591666666666667, 0.425], [0.7641666666666667, 0.42583333333333334], [0.765, 0.4266666666666667], [0.7716666666666666, 0.4266666666666667], [0.7766666666666666, 0.4275], [0.7816666666666666, 0.42833333333333334], [0.7825, 0.42916666666666664], [0.7883333333333333, 0.42916666666666664], [0.7891666666666667, 0.43083333333333335], [0.7966666666666666, 0.43083333333333335], [0.7975, 0.42916666666666664], [0.7975, 0.4266666666666667], [0.7983333333333333, 0.42333333333333334], [0.7991666666666667, 0.4225], [0.8, 0.41833333333333333], [0.8008333333333333, 0.4125], [0.8016666666666666, 0.4058333333333333], [0.8025, 0.4], [0.8033333333333333, 0.3933333333333333], [0.8041666666666667, 0.38666666666666666], [0.8041666666666667, 0.38166666666666665], [0.8025, 0.38166666666666665], [0.7966666666666666, 0.38083333333333336], [0.7925, 0.38], [0.7875, 0.37916666666666665], [0.7866666666666666, 0.37833333333333335], [0.7816666666666666, 0.3775], [0.7758333333333334, 0.37666666666666665], [0.7708333333333334, 0.37583333333333335], [0.7658333333333334, 0.375]], "additionalOutlinePaths": [[[0.0, 0.9816666666666667], [0.0, 0.9991666666666666], [0.06583333333333333, 0.9991666666666666], [0.06583333333333333, 0.9975], [0.06333333333333334, 0.9975], [0.060833333333333336, 0.9966666666666667], [0.0575, 0.9958333333333333], [0.056666666666666664, 0.995], [0.05333333333333334, 0.9941666666666666], [0.049166666666666664, 0.9941666666666666], [0.04666666666666667, 0.9925], [0.043333333333333335, 0.9916666666666667], [0.03916666666666667, 0.9916666666666667], [0.03666666666666667, 0.9908333333333333], [0.035833333333333335, 0.99], [0.0325, 0.99], [0.029166666666666667, 0.9891666666666666], [0.02666666666666667, 0.9883333333333333], [0.025833333333333333, 0.9875], [0.023333333333333334, 0.9866666666666667], [0.019166666666666665, 0.9866666666666667], [0.015, 0.9858333333333333], [0.0125, 0.9841666666666666], [0.008333333333333333, 0.9833333333333333], [0.005, 0.9833333333333333], [0.0025, 0.9825], [0.0016666666666666668, 0.9816666666666667]]]}