{"reference": "J15", "proportionalOutlinePath": [[0.8433333333333334, 0.39], [0.8433333333333334, 0.3925], [0.8425, 0.395], [0.8416666666666667, 0.3958333333333333], [0.8408333333333333, 0.3983333333333333], [0.84, 0.4033333333333333], [0.8391666666666666, 0.41], [0.8383333333333334, 0.4175], [0.8375, 0.42583333333333334], [0.8366666666666667, 0.43416666666666665], [0.8366666666666667, 0.43833333333333335], [0.8383333333333334, 0.43916666666666665], [0.8425, 0.43916666666666665], [0.8475, 0.44], [0.8483333333333334, 0.44083333333333335], [0.8533333333333334, 0.44166666666666665], [0.8591666666666666, 0.44166666666666665], [0.8641666666666666, 0.4425], [0.8691666666666666, 0.44333333333333336], [0.87, 0.44416666666666665], [0.8758333333333334, 0.44416666666666665], [0.8775, 0.44583333333333336], [0.8841666666666667, 0.44583333333333336], [0.885, 0.44416666666666665], [0.885, 0.4425], [0.8858333333333334, 0.44], [0.8866666666666667, 0.4375], [0.8875, 0.43666666666666665], [0.8883333333333333, 0.43416666666666665], [0.8891666666666667, 0.42333333333333334], [0.89, 0.4125], [0.8908333333333334, 0.40166666666666667], [0.8908333333333334, 0.3958333333333333], [0.8883333333333333, 0.3958333333333333], [0.8833333333333333, 0.395], [0.8783333333333333, 0.39416666666666667], [0.8733333333333333, 0.3933333333333333], [0.8675, 0.3925], [0.8625, 0.39166666666666666], [0.8575, 0.3908333333333333], [0.8566666666666667, 0.39], [0.8525, 0.38916666666666666]], "additionalOutlinePaths": [[[0.0, 0.9816666666666667], [0.0, 0.9991666666666666], [0.06583333333333333, 0.9991666666666666], [0.06583333333333333, 0.9975], [0.06333333333333334, 0.9975], [0.060833333333333336, 0.9966666666666667], [0.0575, 0.9958333333333333], [0.056666666666666664, 0.995], [0.05333333333333334, 0.9941666666666666], [0.049166666666666664, 0.9941666666666666], [0.04666666666666667, 0.9925], [0.043333333333333335, 0.9916666666666667], [0.03916666666666667, 0.9916666666666667], [0.03666666666666667, 0.9908333333333333], [0.035833333333333335, 0.99], [0.0325, 0.99], [0.029166666666666667, 0.9891666666666666], [0.02666666666666667, 0.9883333333333333], [0.025833333333333333, 0.9875], [0.023333333333333334, 0.9866666666666667], [0.019166666666666665, 0.9866666666666667], [0.015, 0.9858333333333333], [0.0125, 0.9841666666666666], [0.008333333333333333, 0.9833333333333333], [0.005, 0.9833333333333333], [0.0025, 0.9825], [0.0016666666666666668, 0.9816666666666667]]]}