{"reference": "J16", "proportionalOutlinePath": [[0.9325, 0.4058333333333333], [0.9325, 0.4075], [0.9308333333333333, 0.41], [0.93, 0.4125], [0.93, 0.4141666666666667], [0.9283333333333333, 0.4166666666666667], [0.9275, 0.43083333333333335], [0.9266666666666666, 0.44583333333333336], [0.9275, 0.4483333333333333], [0.9266666666666666, 0.45166666666666666], [0.9283333333333333, 0.4525], [0.9325, 0.4525], [0.9375, 0.4533333333333333], [0.9383333333333334, 0.45416666666666666], [0.9433333333333334, 0.455], [0.9475, 0.45416666666666666], [0.9475, 0.4525], [0.9491666666666667, 0.4508333333333333], [0.95, 0.4558333333333333], [0.9533333333333334, 0.45416666666666666], [0.955, 0.45666666666666667], [0.9566666666666667, 0.45666666666666667], [0.9583333333333334, 0.455], [0.96, 0.4575], [0.9616666666666667, 0.4575], [0.9633333333333334, 0.4558333333333333], [0.9641666666666666, 0.45416666666666666], [0.9641666666666666, 0.4525], [0.965, 0.4508333333333333], [0.9675, 0.4508333333333333], [0.9675, 0.45916666666666667], [0.9716666666666667, 0.45916666666666667], [0.9725, 0.4575], [0.9733333333333334, 0.4558333333333333], [0.9733333333333334, 0.45416666666666666], [0.975, 0.45166666666666666], [0.975, 0.45], [0.9766666666666667, 0.4475], [0.9775, 0.41583333333333333], [0.9766666666666667, 0.4116666666666667], [0.9725, 0.4116666666666667], [0.9675, 0.41083333333333333], [0.9625, 0.41], [0.9575, 0.4091666666666667], [0.9525, 0.4083333333333333], [0.9516666666666667, 0.4075], [0.9466666666666667, 0.4066666666666667], [0.9416666666666667, 0.4058333333333333], [0.9358333333333333, 0.405]], "additionalOutlinePaths": [[[0.0, 0.9833333333333333], [0.0, 0.9991666666666666], [0.06416666666666666, 0.9991666666666666], [0.06166666666666667, 0.9991666666666666], [0.059166666666666666, 0.9983333333333333], [0.05583333333333333, 0.9975], [0.055, 0.9966666666666667], [0.051666666666666666, 0.9958333333333333], [0.0475, 0.9958333333333333], [0.045, 0.9941666666666666], [0.041666666666666664, 0.9933333333333333], [0.0375, 0.9933333333333333], [0.035, 0.9925], [0.034166666666666665, 0.9916666666666667], [0.030833333333333334, 0.9916666666666667], [0.0275, 0.9908333333333333], [0.025, 0.99], [0.024166666666666666, 0.9891666666666666], [0.021666666666666667, 0.9883333333333333], [0.0175, 0.9883333333333333], [0.013333333333333334, 0.9875], [0.010833333333333334, 0.9858333333333333], [0.006666666666666667, 0.985], [0.0033333333333333335, 0.985]]]}