{"reference": "BAT1", "proportionalOutlinePath": [[0.9991666666666666, 0.9108333333333334], [0.9966666666666667, 0.9116666666666666], [0.9841666666666666, 0.9183333333333333], [0.9825, 0.9183333333333333], [0.9808333333333333, 0.92], [0.9775, 0.9216666666666666], [0.9758333333333333, 0.9216666666666666], [0.9741666666666666, 0.9233333333333333], [0.9725, 0.9233333333333333], [0.9533333333333334, 0.9333333333333333], [0.9516666666666667, 0.9333333333333333], [0.9466666666666667, 0.9358333333333333], [0.945, 0.9375], [0.9433333333333334, 0.9375], [0.9191666666666667, 0.95], [0.9175, 0.95], [0.9158333333333334, 0.9508333333333333], [0.9141666666666667, 0.9525], [0.9125, 0.9525], [0.8916666666666667, 0.9633333333333334], [0.89, 0.9633333333333334], [0.8883333333333333, 0.9641666666666666], [0.8866666666666667, 0.9658333333333333], [0.885, 0.9658333333333333], [0.8625, 0.9775], [0.8608333333333333, 0.9775], [0.8591666666666666, 0.9791666666666666], [0.8575, 0.98], [0.8558333333333333, 0.98], [0.83, 0.9933333333333333], [0.8283333333333334, 0.9933333333333333], [0.8191666666666667, 0.9983333333333333], [0.8175, 0.9991666666666666], [0.9991666666666666, 0.9991666666666666]], "additionalOutlinePaths": [[[0.22416666666666665, 0.5958333333333333], [0.21833333333333332, 0.5966666666666667], [0.21666666666666667, 0.5983333333333334], [0.21333333333333335, 0.6008333333333333], [0.2025, 0.6008333333333333], [0.2, 0.6025], [0.1975, 0.6033333333333334], [0.19583333333333333, 0.6066666666666667], [0.1925, 0.61], [0.18916666666666668, 0.6116666666666667], [0.18916666666666668, 0.6133333333333333], [0.19, 0.6158333333333333], [0.19083333333333333, 0.6175], [0.1925, 0.6166666666666667], [0.19416666666666665, 0.6191666666666666], [0.19166666666666668, 0.6208333333333333], [0.19583333333333333, 0.625], [0.19833333333333333, 0.6275], [0.20166666666666666, 0.6291666666666667], [0.20333333333333334, 0.6291666666666667], [0.205, 0.6275], [0.20833333333333334, 0.6275], [0.21166666666666667, 0.6266666666666667], [0.21416666666666667, 0.625], [0.2175, 0.6241666666666666], [0.22083333333333333, 0.6233333333333333], [0.22416666666666665, 0.6225], [0.2275, 0.6216666666666667], [0.23166666666666666, 0.6216666666666667], [0.23333333333333334, 0.62], [0.23333333333333334, 0.6183333333333333], [0.235, 0.6166666666666667], [0.235, 0.615], [0.235, 0.6125], [0.23416666666666666, 0.6108333333333333], [0.23333333333333334, 0.6083333333333333], [0.23333333333333334, 0.605], [0.23166666666666666, 0.6], [0.22916666666666666, 0.5983333333333334], [0.22666666666666666, 0.5975]]], "componentId": "linx-bat-hld-012-smt-tr"}