{"reference": "J1", "proportionalOutlinePath": [[0.9975, 0.9091666666666667], [0.995, 0.91], [0.9825, 0.9166666666666666], [0.9808333333333333, 0.9166666666666666], [0.9791666666666666, 0.9183333333333333], [0.9758333333333333, 0.92], [0.9741666666666666, 0.92], [0.9725, 0.9216666666666666], [0.9708333333333333, 0.9216666666666666], [0.9516666666666667, 0.9316666666666666], [0.95, 0.9316666666666666], [0.945, 0.9341666666666667], [0.9433333333333334, 0.9358333333333333], [0.9416666666666667, 0.9358333333333333], [0.9175, 0.9483333333333334], [0.9158333333333334, 0.9483333333333334], [0.9141666666666667, 0.9491666666666667], [0.9125, 0.9508333333333333], [0.9108333333333334, 0.9508333333333333], [0.89, 0.9616666666666667], [0.8883333333333333, 0.9616666666666667], [0.8866666666666667, 0.9625], [0.885, 0.9641666666666666], [0.8833333333333333, 0.9641666666666666], [0.8608333333333333, 0.9758333333333333], [0.8591666666666666, 0.9758333333333333], [0.8575, 0.9775], [0.8558333333333333, 0.9783333333333334], [0.8541666666666666, 0.9783333333333334], [0.8283333333333334, 0.9916666666666667], [0.8266666666666667, 0.9916666666666667], [0.8166666666666667, 0.9966666666666667], [0.8158333333333333, 0.9991666666666666], [0.9991666666666666, 0.9991666666666666], [0.9991666666666666, 0.9091666666666667]], "additionalOutlinePaths": [[[0.38416666666666666, 0.30416666666666664], [0.38, 0.305], [0.37916666666666665, 0.30583333333333335], [0.37416666666666665, 0.30583333333333335], [0.37, 0.30666666666666664], [0.36583333333333334, 0.3075], [0.36083333333333334, 0.30833333333333335], [0.3566666666666667, 0.30916666666666665], [0.35583333333333333, 0.31], [0.35083333333333333, 0.31], [0.3466666666666667, 0.31083333333333335], [0.3416666666666667, 0.31166666666666665], [0.3383333333333333, 0.3125], [0.3325, 0.31833333333333336], [0.3325, 0.32416666666666666], [0.3333333333333333, 0.32666666666666666], [0.33416666666666667, 0.33], [0.335, 0.3325], [0.3358333333333333, 0.3358333333333333], [0.33666666666666667, 0.3383333333333333], [0.3375, 0.33916666666666667], [0.3375, 0.3416666666666667], [0.3383333333333333, 0.345], [0.33916666666666667, 0.34833333333333333], [0.34, 0.3516666666666667], [0.3416666666666667, 0.3541666666666667], [0.3425, 0.3575], [0.3433333333333333, 0.36], [0.3433333333333333, 0.36333333333333334], [0.3441666666666667, 0.365], [0.3458333333333333, 0.36666666666666664], [0.3458333333333333, 0.3725], [0.3466666666666667, 0.37416666666666665], [0.35, 0.37416666666666665], [0.3541666666666667, 0.37333333333333335], [0.3575, 0.3725], [0.35833333333333334, 0.37166666666666665], [0.3625, 0.37166666666666665], [0.36666666666666664, 0.37083333333333335], [0.37083333333333335, 0.37], [0.37333333333333335, 0.36916666666666664], [0.375, 0.3675], [0.38, 0.36666666666666664], [0.385, 0.36583333333333334], [0.39166666666666666, 0.36583333333333334], [0.3958333333333333, 0.365], [0.39916666666666667, 0.3625], [0.40166666666666667, 0.36083333333333334], [0.4025, 0.35583333333333333], [0.40166666666666667, 0.3525], [0.4008333333333333, 0.3491666666666667], [0.4, 0.3466666666666667], [0.39916666666666667, 0.3433333333333333], [0.3983333333333333, 0.3408333333333333], [0.3975, 0.34], [0.3975, 0.33666666666666667], [0.39666666666666667, 0.33416666666666667], [0.3958333333333333, 0.33166666666666667], [0.395, 0.3308333333333333], [0.39416666666666667, 0.3275], [0.39416666666666667, 0.325], [0.3933333333333333, 0.3225], [0.3925, 0.32166666666666666], [0.39166666666666666, 0.31833333333333336], [0.39166666666666666, 0.31583333333333335], [0.3908333333333333, 0.3125], [0.39, 0.31], [0.38916666666666666, 0.30916666666666665], [0.38916666666666666, 0.30666666666666664], [0.3883333333333333, 0.30416666666666664]]], "componentId": "te-connectivity-1-2212115-4"}