{"reference": "J1", "proportionalOutlinePath": [[0.9975, 0.9175], [0.9766666666666667, 0.9283333333333333], [0.975, 0.9283333333333333], [0.9733333333333334, 0.93], [0.9716666666666667, 0.93], [0.9375, 0.9475], [0.9358333333333333, 0.9475], [0.9325, 0.9491666666666667], [0.9308333333333333, 0.9508333333333333], [0.9291666666666667, 0.9508333333333333], [0.8916666666666667, 0.97], [0.89, 0.97], [0.8541666666666666, 0.9883333333333333], [0.8525, 0.9883333333333333], [0.8358333333333333, 0.9966666666666667], [0.835, 0.9991666666666666], [0.9991666666666666, 0.9991666666666666], [0.9991666666666666, 0.9175]], "additionalOutlinePaths": [[[0.3858333333333333, 0.3025], [0.38, 0.30333333333333334], [0.37583333333333335, 0.30416666666666664], [0.37083333333333335, 0.305], [0.3675, 0.30583333333333335], [0.36666666666666664, 0.30666666666666664], [0.3616666666666667, 0.30666666666666664], [0.3575, 0.3075], [0.3566666666666667, 0.30833333333333335], [0.3516666666666667, 0.30833333333333335], [0.3466666666666667, 0.30916666666666665], [0.3433333333333333, 0.31], [0.3416666666666667, 0.31083333333333335], [0.3358333333333333, 0.31666666666666665], [0.3358333333333333, 0.32], [0.3375, 0.3225], [0.3383333333333333, 0.3258333333333333], [0.33916666666666667, 0.3283333333333333], [0.33916666666666667, 0.33166666666666667], [0.34, 0.335], [0.3408333333333333, 0.3375], [0.3416666666666667, 0.34], [0.3425, 0.3408333333333333], [0.3425, 0.3433333333333333], [0.3433333333333333, 0.3475], [0.345, 0.35], [0.345, 0.3525], [0.3458333333333333, 0.355], [0.3466666666666667, 0.35583333333333333], [0.3466666666666667, 0.35833333333333334], [0.3475, 0.3625], [0.3491666666666667, 0.3641666666666667], [0.35, 0.36583333333333334], [0.35083333333333333, 0.3725], [0.355, 0.3725], [0.35833333333333334, 0.37166666666666665], [0.3591666666666667, 0.37083333333333335], [0.3641666666666667, 0.37083333333333335], [0.36666666666666664, 0.37], [0.3675, 0.36916666666666664], [0.3725, 0.36916666666666664], [0.375, 0.36833333333333335], [0.37833333333333335, 0.3675], [0.37916666666666665, 0.36666666666666664], [0.38333333333333336, 0.36666666666666664], [0.385, 0.365], [0.39, 0.3641666666666667], [0.39666666666666667, 0.3641666666666667], [0.4, 0.36333333333333334], [0.40166666666666667, 0.3625], [0.4041666666666667, 0.36083333333333334], [0.4075, 0.35833333333333334], [0.4075, 0.355], [0.4066666666666667, 0.35083333333333333], [0.4058333333333333, 0.34833333333333333], [0.405, 0.3458333333333333], [0.4041666666666667, 0.3425], [0.4033333333333333, 0.34], [0.4025, 0.33916666666666667], [0.40166666666666667, 0.3358333333333333], [0.40166666666666667, 0.3333333333333333], [0.4008333333333333, 0.3308333333333333], [0.4, 0.33], [0.4, 0.32666666666666666], [0.39916666666666667, 0.32416666666666666], [0.3983333333333333, 0.32083333333333336], [0.39666666666666667, 0.31833333333333336], [0.39666666666666667, 0.315], [0.3958333333333333, 0.3125], [0.395, 0.31], [0.39416666666666667, 0.30666666666666664], [0.3933333333333333, 0.30416666666666664], [0.3925, 0.3025]]], "componentId": "te-connectivity-1-2212115-4"}