{"reference": "J10", "proportionalOutlinePath": [[0.9975, 0.9175], [0.9766666666666667, 0.9283333333333333], [0.975, 0.9283333333333333], [0.9733333333333334, 0.93], [0.9716666666666667, 0.93], [0.9375, 0.9475], [0.9358333333333333, 0.9475], [0.9325, 0.9491666666666667], [0.9308333333333333, 0.9508333333333333], [0.9291666666666667, 0.9508333333333333], [0.8916666666666667, 0.97], [0.89, 0.97], [0.8541666666666666, 0.9883333333333333], [0.8525, 0.9883333333333333], [0.8358333333333333, 0.9966666666666667], [0.835, 0.9991666666666666], [0.9991666666666666, 0.9991666666666666], [0.9991666666666666, 0.9175]], "additionalOutlinePaths": [[[0.47583333333333333, 0.2866666666666667], [0.4716666666666667, 0.2875], [0.4708333333333333, 0.28833333333333333], [0.4658333333333333, 0.28833333333333333], [0.46166666666666667, 0.2891666666666667], [0.4608333333333333, 0.29], [0.4558333333333333, 0.29], [0.45166666666666666, 0.29083333333333333], [0.4475, 0.2916666666666667], [0.44666666666666666, 0.2925], [0.4425, 0.2925], [0.4375, 0.29333333333333333], [0.435, 0.2941666666666667], [0.43333333333333335, 0.295], [0.42916666666666664, 0.29833333333333334], [0.4275, 0.3], [0.4275, 0.305], [0.42833333333333334, 0.30833333333333335], [0.42916666666666664, 0.31166666666666665], [0.43, 0.315], [0.43083333333333335, 0.3175], [0.43166666666666664, 0.32083333333333336], [0.4325, 0.3233333333333333], [0.43333333333333335, 0.32666666666666666], [0.43416666666666665, 0.33], [0.435, 0.3325], [0.43583333333333335, 0.3358333333333333], [0.43666666666666665, 0.33916666666666667], [0.4375, 0.3416666666666667], [0.43833333333333335, 0.345], [0.44083333333333335, 0.3475], [0.44166666666666665, 0.3541666666666667], [0.4483333333333333, 0.3541666666666667], [0.4525, 0.35333333333333333], [0.45666666666666667, 0.3525], [0.4608333333333333, 0.3516666666666667], [0.46416666666666667, 0.35083333333333333], [0.4666666666666667, 0.35], [0.4675, 0.3491666666666667], [0.4716666666666667, 0.3491666666666667], [0.4741666666666667, 0.3475], [0.47833333333333333, 0.3466666666666667], [0.4866666666666667, 0.3466666666666667], [0.49, 0.345], [0.4925, 0.3433333333333333], [0.495, 0.3416666666666667], [0.49583333333333335, 0.335], [0.49416666666666664, 0.3325], [0.49333333333333335, 0.32916666666666666], [0.4925, 0.32666666666666666], [0.4925, 0.3233333333333333], [0.49166666666666664, 0.32083333333333336], [0.49083333333333334, 0.3175], [0.49, 0.315], [0.4891666666666667, 0.31166666666666665], [0.48833333333333334, 0.30833333333333335], [0.4875, 0.30583333333333335], [0.4866666666666667, 0.30333333333333334], [0.48583333333333334, 0.3025], [0.48583333333333334, 0.3], [0.485, 0.2966666666666667], [0.4841666666666667, 0.2941666666666667], [0.48333333333333334, 0.29083333333333333], [0.4825, 0.28833333333333333], [0.4816666666666667, 0.2866666666666667]]]}