{"reference": "J10", "proportionalOutlinePath": [[0.9975, 0.9091666666666667], [0.995, 0.91], [0.9825, 0.9166666666666666], [0.9808333333333333, 0.9166666666666666], [0.9791666666666666, 0.9183333333333333], [0.9758333333333333, 0.92], [0.9741666666666666, 0.92], [0.9725, 0.9216666666666666], [0.9708333333333333, 0.9216666666666666], [0.9516666666666667, 0.9316666666666666], [0.95, 0.9316666666666666], [0.945, 0.9341666666666667], [0.9433333333333334, 0.9358333333333333], [0.9416666666666667, 0.9358333333333333], [0.9175, 0.9483333333333334], [0.9158333333333334, 0.9483333333333334], [0.9141666666666667, 0.9491666666666667], [0.9125, 0.9508333333333333], [0.9108333333333334, 0.9508333333333333], [0.89, 0.9616666666666667], [0.8883333333333333, 0.9616666666666667], [0.8866666666666667, 0.9625], [0.885, 0.9641666666666666], [0.8833333333333333, 0.9641666666666666], [0.8608333333333333, 0.9758333333333333], [0.8591666666666666, 0.9758333333333333], [0.8575, 0.9775], [0.8558333333333333, 0.9783333333333334], [0.8541666666666666, 0.9783333333333334], [0.8283333333333334, 0.9916666666666667], [0.8266666666666667, 0.9916666666666667], [0.8166666666666667, 0.9966666666666667], [0.8158333333333333, 0.9991666666666666], [0.9991666666666666, 0.9991666666666666], [0.9991666666666666, 0.9091666666666667]], "additionalOutlinePaths": [[[0.47, 0.2891666666666667], [0.465, 0.29], [0.46, 0.29083333333333333], [0.455, 0.2916666666666667], [0.4508333333333333, 0.2925], [0.44583333333333336, 0.29333333333333333], [0.44083333333333335, 0.2941666666666667], [0.43666666666666665, 0.295], [0.43166666666666664, 0.29583333333333334], [0.42916666666666664, 0.2966666666666667], [0.42583333333333334, 0.2991666666666667], [0.4225, 0.3025], [0.4225, 0.3075], [0.42333333333333334, 0.31], [0.4241666666666667, 0.31333333333333335], [0.425, 0.31583333333333335], [0.42583333333333334, 0.31916666666666665], [0.4266666666666667, 0.32166666666666666], [0.4275, 0.325], [0.42833333333333334, 0.3283333333333333], [0.42916666666666664, 0.3308333333333333], [0.43, 0.33416666666666667], [0.43083333333333335, 0.33666666666666667], [0.43166666666666664, 0.3375], [0.43166666666666664, 0.3408333333333333], [0.4325, 0.3433333333333333], [0.43333333333333335, 0.3466666666666667], [0.43583333333333335, 0.3491666666666667], [0.43583333333333335, 0.35583333333333333], [0.4425, 0.35583333333333333], [0.4483333333333333, 0.355], [0.45166666666666666, 0.3541666666666667], [0.4558333333333333, 0.35333333333333333], [0.45916666666666667, 0.3525], [0.46166666666666667, 0.3516666666666667], [0.4625, 0.35083333333333333], [0.4666666666666667, 0.35083333333333333], [0.4683333333333333, 0.3491666666666667], [0.47333333333333333, 0.34833333333333333], [0.48083333333333333, 0.34833333333333333], [0.48333333333333334, 0.3475], [0.485, 0.3466666666666667], [0.4875, 0.345], [0.49, 0.3433333333333333], [0.49, 0.33666666666666667], [0.4891666666666667, 0.3333333333333333], [0.48833333333333334, 0.33], [0.4875, 0.3275], [0.4866666666666667, 0.32416666666666666], [0.48583333333333334, 0.32166666666666666], [0.485, 0.32083333333333336], [0.485, 0.31833333333333336], [0.4841666666666667, 0.315], [0.48333333333333334, 0.31166666666666665], [0.4825, 0.30916666666666665], [0.4816666666666667, 0.30666666666666664], [0.48083333333333333, 0.30583333333333335], [0.48083333333333333, 0.30333333333333334], [0.48, 0.30083333333333334], [0.4791666666666667, 0.2975], [0.47833333333333333, 0.295], [0.4775, 0.2941666666666667], [0.4775, 0.2916666666666667], [0.4766666666666667, 0.2891666666666667]]]}