{"reference": "J11", "proportionalOutlinePath": [[0.9975, 0.9175], [0.9766666666666667, 0.9283333333333333], [0.975, 0.9283333333333333], [0.9733333333333334, 0.93], [0.9716666666666667, 0.93], [0.9375, 0.9475], [0.9358333333333333, 0.9475], [0.9325, 0.9491666666666667], [0.9308333333333333, 0.9508333333333333], [0.9291666666666667, 0.9508333333333333], [0.8916666666666667, 0.97], [0.89, 0.97], [0.8541666666666666, 0.9883333333333333], [0.8525, 0.9883333333333333], [0.8358333333333333, 0.9966666666666667], [0.835, 0.9991666666666666], [0.9991666666666666, 0.9991666666666666], [0.9991666666666666, 0.9175]], "additionalOutlinePaths": [[[0.5608333333333333, 0.27166666666666667], [0.5566666666666666, 0.2725], [0.5525, 0.2733333333333333], [0.5516666666666666, 0.27416666666666667], [0.5466666666666666, 0.27416666666666667], [0.5425, 0.275], [0.5416666666666666, 0.2758333333333333], [0.5375, 0.2758333333333333], [0.5333333333333333, 0.27666666666666667], [0.5325, 0.2775], [0.5283333333333333, 0.2775], [0.5225, 0.2783333333333333], [0.5208333333333334, 0.2791666666666667], [0.5183333333333333, 0.2808333333333333], [0.5158333333333334, 0.2825], [0.5125, 0.285], [0.5125, 0.28833333333333333], [0.5133333333333333, 0.2916666666666667], [0.5141666666666667, 0.2941666666666667], [0.515, 0.2975], [0.5158333333333334, 0.3], [0.5166666666666667, 0.30333333333333334], [0.5175, 0.30583333333333335], [0.5183333333333333, 0.30916666666666665], [0.5191666666666667, 0.31166666666666665], [0.52, 0.3125], [0.52, 0.315], [0.5208333333333334, 0.31833333333333336], [0.5216666666666666, 0.32083333333333336], [0.5225, 0.32416666666666666], [0.5233333333333333, 0.3275], [0.5241666666666667, 0.32916666666666666], [0.5258333333333334, 0.3308333333333333], [0.5258333333333334, 0.3358333333333333], [0.5266666666666666, 0.3375], [0.5333333333333333, 0.3375], [0.5375, 0.33666666666666667], [0.5416666666666666, 0.3358333333333333], [0.5458333333333333, 0.335], [0.5491666666666667, 0.33416666666666667], [0.5516666666666666, 0.3325], [0.5566666666666666, 0.33166666666666667], [0.5608333333333333, 0.3308333333333333], [0.5675, 0.3308333333333333], [0.5708333333333333, 0.33], [0.5725, 0.32916666666666666], [0.5741666666666667, 0.3275], [0.5766666666666667, 0.32666666666666666], [0.5791666666666667, 0.325], [0.5791666666666667, 0.31833333333333336], [0.5783333333333334, 0.31583333333333335], [0.5775, 0.31333333333333335], [0.5766666666666667, 0.3125], [0.5766666666666667, 0.30916666666666665], [0.5758333333333333, 0.30666666666666664], [0.575, 0.30416666666666664], [0.5741666666666667, 0.30333333333333334], [0.5741666666666667, 0.30083333333333334], [0.5733333333333334, 0.2975], [0.5725, 0.295], [0.5716666666666667, 0.2941666666666667], [0.5716666666666667, 0.2916666666666667], [0.5708333333333333, 0.2891666666666667], [0.57, 0.28833333333333333], [0.57, 0.28583333333333333], [0.5691666666666667, 0.2825], [0.5683333333333334, 0.28], [0.5675, 0.2775], [0.5666666666666667, 0.27416666666666667], [0.5658333333333333, 0.27166666666666667]]]}