{"reference": "J11", "proportionalOutlinePath": [[0.9975, 0.9091666666666667], [0.995, 0.91], [0.9825, 0.9166666666666666], [0.9808333333333333, 0.9166666666666666], [0.9791666666666666, 0.9183333333333333], [0.9758333333333333, 0.92], [0.9741666666666666, 0.92], [0.9725, 0.9216666666666666], [0.9708333333333333, 0.9216666666666666], [0.9516666666666667, 0.9316666666666666], [0.95, 0.9316666666666666], [0.945, 0.9341666666666667], [0.9433333333333334, 0.9358333333333333], [0.9416666666666667, 0.9358333333333333], [0.9175, 0.9483333333333334], [0.9158333333333334, 0.9483333333333334], [0.9141666666666667, 0.9491666666666667], [0.9125, 0.9508333333333333], [0.9108333333333334, 0.9508333333333333], [0.89, 0.9616666666666667], [0.8883333333333333, 0.9616666666666667], [0.8866666666666667, 0.9625], [0.885, 0.9641666666666666], [0.8833333333333333, 0.9641666666666666], [0.8608333333333333, 0.9758333333333333], [0.8591666666666666, 0.9758333333333333], [0.8575, 0.9775], [0.8558333333333333, 0.9783333333333334], [0.8541666666666666, 0.9783333333333334], [0.8283333333333334, 0.9916666666666667], [0.8266666666666667, 0.9916666666666667], [0.8166666666666667, 0.9966666666666667], [0.8158333333333333, 0.9991666666666666], [0.9991666666666666, 0.9991666666666666], [0.9991666666666666, 0.9091666666666667]], "additionalOutlinePaths": [[[0.555, 0.27416666666666667], [0.55, 0.275], [0.5458333333333333, 0.2758333333333333], [0.545, 0.27666666666666667], [0.54, 0.27666666666666667], [0.5366666666666666, 0.2775], [0.5358333333333334, 0.2783333333333333], [0.5308333333333334, 0.2783333333333333], [0.5266666666666666, 0.2791666666666667], [0.5225, 0.28], [0.5216666666666666, 0.2808333333333333], [0.5166666666666667, 0.2808333333333333], [0.5133333333333333, 0.2825], [0.51, 0.285], [0.5075, 0.2866666666666667], [0.5075, 0.2925], [0.5083333333333333, 0.29583333333333334], [0.5091666666666667, 0.2991666666666667], [0.51, 0.3016666666666667], [0.5108333333333334, 0.305], [0.5116666666666667, 0.3075], [0.5125, 0.31083333333333335], [0.5133333333333333, 0.31333333333333335], [0.5141666666666667, 0.31666666666666665], [0.515, 0.32], [0.5158333333333334, 0.3225], [0.5166666666666667, 0.3258333333333333], [0.5175, 0.3283333333333333], [0.5183333333333333, 0.3308333333333333], [0.52, 0.3325], [0.52, 0.3375], [0.5208333333333334, 0.34], [0.5241666666666667, 0.34], [0.5275, 0.33916666666666667], [0.5283333333333333, 0.3383333333333333], [0.5325, 0.3383333333333333], [0.5366666666666666, 0.3375], [0.54, 0.33666666666666667], [0.5433333333333333, 0.3358333333333333], [0.5458333333333333, 0.33416666666666667], [0.5508333333333333, 0.3333333333333333], [0.555, 0.3325], [0.5625, 0.3325], [0.565, 0.33166666666666667], [0.5666666666666667, 0.3308333333333333], [0.5683333333333334, 0.32916666666666666], [0.5708333333333333, 0.3283333333333333], [0.5733333333333334, 0.32666666666666666], [0.5733333333333334, 0.32166666666666666], [0.5725, 0.31916666666666665], [0.5716666666666667, 0.31583333333333335], [0.5708333333333333, 0.31333333333333335], [0.57, 0.31], [0.5691666666666667, 0.3075], [0.5683333333333334, 0.30416666666666664], [0.5675, 0.30083333333333334], [0.5666666666666667, 0.29833333333333334], [0.5658333333333333, 0.29583333333333334], [0.565, 0.295], [0.565, 0.2925], [0.5641666666666667, 0.2891666666666667], [0.5633333333333334, 0.2866666666666667], [0.5625, 0.2833333333333333], [0.5616666666666666, 0.2808333333333333], [0.5608333333333333, 0.2775], [0.5591666666666667, 0.27416666666666667]]]}