{"reference": "J12", "proportionalOutlinePath": [[0.9975, 0.9175], [0.9766666666666667, 0.9283333333333333], [0.975, 0.9283333333333333], [0.9733333333333334, 0.93], [0.9716666666666667, 0.93], [0.9375, 0.9475], [0.9358333333333333, 0.9475], [0.9325, 0.9491666666666667], [0.9308333333333333, 0.9508333333333333], [0.9291666666666667, 0.9508333333333333], [0.8916666666666667, 0.97], [0.89, 0.97], [0.8541666666666666, 0.9883333333333333], [0.8525, 0.9883333333333333], [0.8358333333333333, 0.9966666666666667], [0.835, 0.9991666666666666], [0.9991666666666666, 0.9991666666666666], [0.9991666666666666, 0.9175]], "additionalOutlinePaths": [[[0.6375, 0.25833333333333336], [0.6325, 0.25916666666666666], [0.6283333333333333, 0.26], [0.6233333333333333, 0.2608333333333333], [0.6183333333333333, 0.26166666666666666], [0.6133333333333333, 0.2625], [0.6083333333333333, 0.2633333333333333], [0.6041666666666666, 0.26416666666666666], [0.5991666666666666, 0.26666666666666666], [0.5966666666666667, 0.2683333333333333], [0.5941666666666666, 0.27], [0.5933333333333334, 0.275], [0.5941666666666666, 0.2783333333333333], [0.595, 0.2808333333333333], [0.5958333333333333, 0.2841666666666667], [0.5966666666666667, 0.2866666666666667], [0.5975, 0.2891666666666667], [0.5983333333333334, 0.29], [0.5983333333333334, 0.2925], [0.5991666666666666, 0.29583333333333334], [0.6, 0.2966666666666667], [0.6, 0.29833333333333334], [0.6008333333333333, 0.3016666666666667], [0.6016666666666667, 0.30416666666666664], [0.6025, 0.3075], [0.6033333333333334, 0.30833333333333335], [0.6033333333333334, 0.31], [0.6041666666666666, 0.31333333333333335], [0.6066666666666667, 0.315], [0.6066666666666667, 0.32166666666666666], [0.6141666666666666, 0.32166666666666666], [0.6183333333333333, 0.32083333333333336], [0.6225, 0.32], [0.6266666666666667, 0.31916666666666665], [0.6291666666666667, 0.3175], [0.6316666666666667, 0.31666666666666665], [0.6358333333333334, 0.31583333333333335], [0.64, 0.315], [0.6483333333333333, 0.315], [0.65, 0.31416666666666665], [0.6516666666666666, 0.3125], [0.6575, 0.31], [0.6583333333333333, 0.305], [0.6575, 0.3016666666666667], [0.6566666666666666, 0.2991666666666667], [0.6558333333333334, 0.29583333333333334], [0.655, 0.29333333333333333], [0.6541666666666667, 0.29], [0.6533333333333333, 0.2875], [0.6525, 0.2841666666666667], [0.6516666666666666, 0.2816666666666667], [0.6508333333333334, 0.2808333333333333], [0.6508333333333334, 0.2783333333333333], [0.65, 0.2758333333333333], [0.6491666666666667, 0.275], [0.6491666666666667, 0.2725], [0.6483333333333333, 0.27], [0.6475, 0.26916666666666667], [0.6475, 0.26666666666666666], [0.6466666666666666, 0.26416666666666666], [0.6458333333333334, 0.2633333333333333], [0.6458333333333334, 0.2608333333333333], [0.645, 0.25833333333333336]]]}