{"reference": "J13", "proportionalOutlinePath": [[0.9975, 0.9091666666666667], [0.995, 0.91], [0.9825, 0.9166666666666666], [0.9808333333333333, 0.9166666666666666], [0.9791666666666666, 0.9183333333333333], [0.9758333333333333, 0.92], [0.9741666666666666, 0.92], [0.9725, 0.9216666666666666], [0.9708333333333333, 0.9216666666666666], [0.9516666666666667, 0.9316666666666666], [0.95, 0.9316666666666666], [0.945, 0.9341666666666667], [0.9433333333333334, 0.9358333333333333], [0.9416666666666667, 0.9358333333333333], [0.9175, 0.9483333333333334], [0.9158333333333334, 0.9483333333333334], [0.9141666666666667, 0.9491666666666667], [0.9125, 0.9508333333333333], [0.9108333333333334, 0.9508333333333333], [0.89, 0.9616666666666667], [0.8883333333333333, 0.9616666666666667], [0.8866666666666667, 0.9625], [0.885, 0.9641666666666666], [0.8833333333333333, 0.9641666666666666], [0.8608333333333333, 0.9758333333333333], [0.8591666666666666, 0.9758333333333333], [0.8575, 0.9775], [0.8558333333333333, 0.9783333333333334], [0.8541666666666666, 0.9783333333333334], [0.8283333333333334, 0.9916666666666667], [0.8266666666666667, 0.9916666666666667], [0.8166666666666667, 0.9966666666666667], [0.8158333333333333, 0.9991666666666666], [0.9991666666666666, 0.9991666666666666], [0.9991666666666666, 0.9091666666666667]], "additionalOutlinePaths": [[[0.7066666666666667, 0.2475], [0.7016666666666667, 0.24833333333333332], [0.6975, 0.24916666666666668], [0.6925, 0.25], [0.6875, 0.25083333333333335], [0.6833333333333333, 0.25166666666666665], [0.6783333333333333, 0.2525], [0.6733333333333333, 0.25333333333333335], [0.67, 0.255], [0.6683333333333333, 0.25666666666666665], [0.6658333333333334, 0.2575], [0.6633333333333333, 0.25916666666666666], [0.6625, 0.26416666666666666], [0.6633333333333333, 0.26666666666666666], [0.6641666666666667, 0.27], [0.665, 0.2725], [0.6658333333333334, 0.2758333333333333], [0.6666666666666666, 0.2783333333333333], [0.6675, 0.2816666666666667], [0.6683333333333333, 0.2841666666666667], [0.6691666666666667, 0.2875], [0.67, 0.29], [0.6708333333333333, 0.29333333333333333], [0.6716666666666666, 0.29583333333333334], [0.6725, 0.2991666666666667], [0.6733333333333333, 0.30083333333333334], [0.675, 0.3025], [0.675, 0.3075], [0.6758333333333333, 0.30916666666666665], [0.6808333333333333, 0.30916666666666665], [0.685, 0.30833333333333335], [0.6891666666666667, 0.3075], [0.6933333333333334, 0.30666666666666664], [0.6958333333333333, 0.30583333333333335], [0.6983333333333334, 0.30416666666666664], [0.7025, 0.30333333333333334], [0.7066666666666667, 0.3025], [0.715, 0.3025], [0.72, 0.3], [0.7216666666666667, 0.29833333333333334], [0.7241666666666666, 0.2975], [0.725, 0.2916666666666667], [0.7241666666666666, 0.2891666666666667], [0.7233333333333334, 0.28583333333333333], [0.7225, 0.2833333333333333], [0.7216666666666667, 0.28], [0.7208333333333333, 0.2775], [0.72, 0.27416666666666667], [0.7191666666666666, 0.27166666666666667], [0.7183333333333334, 0.26916666666666667], [0.7175, 0.2658333333333333], [0.7166666666666667, 0.2633333333333333], [0.7158333333333333, 0.26], [0.715, 0.2575], [0.7141666666666666, 0.25416666666666665], [0.7133333333333334, 0.25166666666666665], [0.7116666666666667, 0.2475]]]}