{"reference": "J13", "proportionalOutlinePath": [[0.9975, 0.9175], [0.9766666666666667, 0.9283333333333333], [0.975, 0.9283333333333333], [0.9733333333333334, 0.93], [0.9716666666666667, 0.93], [0.9375, 0.9475], [0.9358333333333333, 0.9475], [0.9325, 0.9491666666666667], [0.9308333333333333, 0.9508333333333333], [0.9291666666666667, 0.9508333333333333], [0.8916666666666667, 0.97], [0.89, 0.97], [0.8541666666666666, 0.9883333333333333], [0.8525, 0.9883333333333333], [0.8358333333333333, 0.9966666666666667], [0.835, 0.9991666666666666], [0.9991666666666666, 0.9991666666666666], [0.9991666666666666, 0.9175]], "additionalOutlinePaths": [[[0.7133333333333334, 0.245], [0.7083333333333334, 0.24583333333333332], [0.7041666666666667, 0.24666666666666667], [0.6991666666666667, 0.2475], [0.6941666666666667, 0.24833333333333332], [0.69, 0.24916666666666668], [0.685, 0.25], [0.68, 0.25083333333333335], [0.6783333333333333, 0.25166666666666665], [0.6766666666666666, 0.25333333333333335], [0.6741666666666667, 0.25416666666666665], [0.6725, 0.25583333333333336], [0.67, 0.25666666666666665], [0.6691666666666667, 0.2608333333333333], [0.67, 0.2633333333333333], [0.6708333333333333, 0.26666666666666666], [0.6716666666666666, 0.26916666666666667], [0.6725, 0.2725], [0.6733333333333333, 0.275], [0.6741666666666667, 0.2783333333333333], [0.675, 0.2808333333333333], [0.6758333333333333, 0.2841666666666667], [0.6766666666666666, 0.2875], [0.6775, 0.29], [0.6783333333333333, 0.2925], [0.6791666666666667, 0.29583333333333334], [0.68, 0.29833333333333334], [0.6825, 0.30083333333333334], [0.6825, 0.3075], [0.6866666666666666, 0.3075], [0.6908333333333333, 0.30666666666666664], [0.695, 0.30583333333333335], [0.6991666666666667, 0.305], [0.7025, 0.30416666666666664], [0.7066666666666667, 0.3016666666666667], [0.7108333333333333, 0.30083333333333334], [0.72, 0.30083333333333334], [0.7233333333333334, 0.3], [0.725, 0.2991666666666667], [0.7266666666666667, 0.2975], [0.7308333333333333, 0.29583333333333334], [0.7325, 0.295], [0.7325, 0.29], [0.7316666666666667, 0.2866666666666667], [0.7308333333333333, 0.2841666666666667], [0.73, 0.2808333333333333], [0.7291666666666666, 0.2783333333333333], [0.7283333333333334, 0.275], [0.7275, 0.2725], [0.7266666666666667, 0.26916666666666667], [0.7258333333333333, 0.26666666666666666], [0.725, 0.26416666666666666], [0.7241666666666666, 0.2608333333333333], [0.7233333333333334, 0.25833333333333336], [0.7225, 0.255], [0.7216666666666667, 0.2525], [0.7208333333333333, 0.24916666666666668], [0.72, 0.24666666666666667], [0.7191666666666666, 0.245]]]}