{"reference": "J14", "proportionalOutlinePath": [[0.9975, 0.9175], [0.9766666666666667, 0.9283333333333333], [0.975, 0.9283333333333333], [0.9733333333333334, 0.93], [0.9716666666666667, 0.93], [0.9375, 0.9475], [0.9358333333333333, 0.9475], [0.9325, 0.9491666666666667], [0.9308333333333333, 0.9508333333333333], [0.9291666666666667, 0.9508333333333333], [0.8916666666666667, 0.97], [0.89, 0.97], [0.8541666666666666, 0.9883333333333333], [0.8525, 0.9883333333333333], [0.8358333333333333, 0.9966666666666667], [0.835, 0.9991666666666666], [0.9991666666666666, 0.9991666666666666], [0.9991666666666666, 0.9175]], "additionalOutlinePaths": [[[0.7841666666666667, 0.2325], [0.78, 0.23333333333333334], [0.775, 0.23416666666666666], [0.7708333333333334, 0.235], [0.7658333333333334, 0.23583333333333334], [0.7608333333333334, 0.23666666666666666], [0.7566666666666667, 0.2375], [0.7525, 0.23833333333333334], [0.7458333333333333, 0.24166666666666667], [0.7433333333333333, 0.24333333333333335], [0.7416666666666667, 0.24416666666666667], [0.7416666666666667, 0.25], [0.7425, 0.2525], [0.7433333333333333, 0.25583333333333336], [0.7441666666666666, 0.25916666666666666], [0.745, 0.26166666666666666], [0.7458333333333333, 0.26416666666666666], [0.7466666666666667, 0.2675], [0.7475, 0.2683333333333333], [0.7475, 0.27], [0.7483333333333333, 0.2733333333333333], [0.7491666666666666, 0.27416666666666667], [0.7491666666666666, 0.2758333333333333], [0.75, 0.2791666666666667], [0.7508333333333334, 0.28], [0.7508333333333334, 0.2816666666666667], [0.7516666666666667, 0.285], [0.7533333333333333, 0.28583333333333333], [0.7533333333333333, 0.29083333333333333], [0.7541666666666667, 0.29333333333333333], [0.7583333333333333, 0.29333333333333333], [0.7633333333333333, 0.2925], [0.7675, 0.2916666666666667], [0.7708333333333334, 0.29083333333333333], [0.7741666666666667, 0.29], [0.7766666666666666, 0.28833333333333333], [0.7808333333333334, 0.2875], [0.7841666666666667, 0.2866666666666667], [0.7916666666666666, 0.2866666666666667], [0.7941666666666667, 0.28583333333333333], [0.7958333333333333, 0.2841666666666667], [0.7975, 0.2841666666666667], [0.7991666666666667, 0.2825], [0.8008333333333333, 0.2825], [0.8025, 0.2816666666666667], [0.8025, 0.275], [0.8016666666666666, 0.2725], [0.8008333333333333, 0.27], [0.8, 0.26666666666666666], [0.7991666666666667, 0.26416666666666666], [0.7983333333333333, 0.2608333333333333], [0.7975, 0.25833333333333336], [0.7966666666666666, 0.255], [0.7958333333333333, 0.2525], [0.795, 0.25166666666666665], [0.795, 0.24916666666666668], [0.7941666666666667, 0.24666666666666667], [0.7933333333333333, 0.24583333333333332], [0.7933333333333333, 0.24416666666666667], [0.7925, 0.24083333333333334], [0.7916666666666666, 0.24], [0.7908333333333334, 0.2375], [0.7908333333333334, 0.235], [0.79, 0.2325]]]}