{"reference": "J14", "proportionalOutlinePath": [[0.9975, 0.9091666666666667], [0.995, 0.91], [0.9825, 0.9166666666666666], [0.9808333333333333, 0.9166666666666666], [0.9791666666666666, 0.9183333333333333], [0.9758333333333333, 0.92], [0.9741666666666666, 0.92], [0.9725, 0.9216666666666666], [0.9708333333333333, 0.9216666666666666], [0.9516666666666667, 0.9316666666666666], [0.95, 0.9316666666666666], [0.945, 0.9341666666666667], [0.9433333333333334, 0.9358333333333333], [0.9416666666666667, 0.9358333333333333], [0.9175, 0.9483333333333334], [0.9158333333333334, 0.9483333333333334], [0.9141666666666667, 0.9491666666666667], [0.9125, 0.9508333333333333], [0.9108333333333334, 0.9508333333333333], [0.89, 0.9616666666666667], [0.8883333333333333, 0.9616666666666667], [0.8866666666666667, 0.9625], [0.885, 0.9641666666666666], [0.8833333333333333, 0.9641666666666666], [0.8608333333333333, 0.9758333333333333], [0.8591666666666666, 0.9758333333333333], [0.8575, 0.9775], [0.8558333333333333, 0.9783333333333334], [0.8541666666666666, 0.9783333333333334], [0.8283333333333334, 0.9916666666666667], [0.8266666666666667, 0.9916666666666667], [0.8166666666666667, 0.9966666666666667], [0.8158333333333333, 0.9991666666666666], [0.9991666666666666, 0.9991666666666666], [0.9991666666666666, 0.9091666666666667]], "additionalOutlinePaths": [[[0.7775, 0.235], [0.7733333333333333, 0.23583333333333334], [0.7683333333333333, 0.23666666666666666], [0.7633333333333333, 0.2375], [0.7583333333333333, 0.23833333333333334], [0.7541666666666667, 0.23916666666666667], [0.7491666666666666, 0.24], [0.745, 0.24083333333333334], [0.74, 0.24333333333333335], [0.7383333333333333, 0.245], [0.7358333333333333, 0.24583333333333332], [0.7341666666666666, 0.24666666666666667], [0.7341666666666666, 0.2525], [0.735, 0.255], [0.7358333333333333, 0.25833333333333336], [0.7366666666666667, 0.2608333333333333], [0.7375, 0.26416666666666666], [0.7383333333333333, 0.26666666666666666], [0.7391666666666666, 0.26916666666666667], [0.74, 0.27], [0.74, 0.2725], [0.7408333333333333, 0.2758333333333333], [0.7416666666666667, 0.2783333333333333], [0.7425, 0.2816666666666667], [0.7433333333333333, 0.2841666666666667], [0.7441666666666666, 0.2866666666666667], [0.7466666666666667, 0.2891666666666667], [0.7466666666666667, 0.295], [0.7533333333333333, 0.295], [0.7575, 0.2941666666666667], [0.7616666666666667, 0.29333333333333333], [0.7658333333333334, 0.2925], [0.7675, 0.2916666666666667], [0.7691666666666667, 0.29], [0.7758333333333334, 0.2891666666666667], [0.7825, 0.2891666666666667], [0.785, 0.28833333333333333], [0.7933333333333333, 0.2841666666666667], [0.795, 0.2833333333333333], [0.795, 0.2791666666666667], [0.7941666666666667, 0.27666666666666667], [0.7933333333333333, 0.2733333333333333], [0.7925, 0.2708333333333333], [0.7916666666666666, 0.2675], [0.7908333333333334, 0.265], [0.79, 0.26166666666666666], [0.7891666666666667, 0.25916666666666666], [0.7883333333333333, 0.25666666666666665], [0.7875, 0.25583333333333336], [0.7875, 0.25333333333333335], [0.7866666666666666, 0.25], [0.7858333333333334, 0.2475], [0.785, 0.245], [0.7841666666666667, 0.24166666666666667], [0.7833333333333333, 0.23916666666666667], [0.7816666666666666, 0.235]]]}