{"reference": "J15", "proportionalOutlinePath": [[0.9975, 0.9175], [0.9766666666666667, 0.9283333333333333], [0.975, 0.9283333333333333], [0.9733333333333334, 0.93], [0.9716666666666667, 0.93], [0.9375, 0.9475], [0.9358333333333333, 0.9475], [0.9325, 0.9491666666666667], [0.9308333333333333, 0.9508333333333333], [0.9291666666666667, 0.9508333333333333], [0.8916666666666667, 0.97], [0.89, 0.97], [0.8541666666666666, 0.9883333333333333], [0.8525, 0.9883333333333333], [0.8358333333333333, 0.9966666666666667], [0.835, 0.9991666666666666], [0.9991666666666666, 0.9991666666666666], [0.9991666666666666, 0.9175]], "additionalOutlinePaths": [[[0.8516666666666667, 0.22083333333333333], [0.8466666666666667, 0.22166666666666668], [0.8416666666666667, 0.2225], [0.8375, 0.22333333333333333], [0.8366666666666667, 0.22416666666666665], [0.8316666666666667, 0.22416666666666665], [0.8275, 0.225], [0.8225, 0.22583333333333333], [0.82, 0.22666666666666666], [0.8166666666666667, 0.22833333333333333], [0.815, 0.23], [0.8108333333333333, 0.23166666666666666], [0.8091666666666667, 0.2325], [0.8091666666666667, 0.23583333333333334], [0.81, 0.23916666666666667], [0.8108333333333333, 0.24166666666666667], [0.8116666666666666, 0.245], [0.8125, 0.2475], [0.8133333333333334, 0.25083333333333335], [0.8141666666666667, 0.25333333333333335], [0.815, 0.25583333333333336], [0.8158333333333333, 0.25666666666666665], [0.8158333333333333, 0.25916666666666666], [0.8166666666666667, 0.26166666666666666], [0.8175, 0.2625], [0.8175, 0.265], [0.8183333333333334, 0.2675], [0.8191666666666667, 0.27], [0.82, 0.2725], [0.8216666666666667, 0.2733333333333333], [0.8225, 0.28], [0.8266666666666667, 0.28], [0.8308333333333333, 0.2791666666666667], [0.8358333333333333, 0.2783333333333333], [0.84, 0.2775], [0.8441666666666666, 0.275], [0.8475, 0.27416666666666667], [0.8566666666666667, 0.27416666666666667], [0.8591666666666666, 0.2733333333333333], [0.8675, 0.26916666666666667], [0.8691666666666666, 0.2683333333333333], [0.8691666666666666, 0.2625], [0.8683333333333333, 0.26], [0.8675, 0.2575], [0.8666666666666667, 0.25416666666666665], [0.8658333333333333, 0.25166666666666665], [0.865, 0.24916666666666668], [0.8641666666666666, 0.24583333333333332], [0.8633333333333333, 0.24333333333333335], [0.8625, 0.24], [0.8616666666666667, 0.2375], [0.8608333333333333, 0.23666666666666666], [0.86, 0.23416666666666666], [0.86, 0.23166666666666666], [0.8591666666666666, 0.22916666666666666], [0.8583333333333333, 0.22833333333333333], [0.8583333333333333, 0.22583333333333333], [0.8575, 0.22333333333333333], [0.8566666666666667, 0.2225], [0.8566666666666667, 0.22083333333333333]]]}