{"reference": "J15", "proportionalOutlinePath": [[0.9975, 0.9091666666666667], [0.995, 0.91], [0.9825, 0.9166666666666666], [0.9808333333333333, 0.9166666666666666], [0.9791666666666666, 0.9183333333333333], [0.9758333333333333, 0.92], [0.9741666666666666, 0.92], [0.9725, 0.9216666666666666], [0.9708333333333333, 0.9216666666666666], [0.9516666666666667, 0.9316666666666666], [0.95, 0.9316666666666666], [0.945, 0.9341666666666667], [0.9433333333333334, 0.9358333333333333], [0.9416666666666667, 0.9358333333333333], [0.9175, 0.9483333333333334], [0.9158333333333334, 0.9483333333333334], [0.9141666666666667, 0.9491666666666667], [0.9125, 0.9508333333333333], [0.9108333333333334, 0.9508333333333333], [0.89, 0.9616666666666667], [0.8883333333333333, 0.9616666666666667], [0.8866666666666667, 0.9625], [0.885, 0.9641666666666666], [0.8833333333333333, 0.9641666666666666], [0.8608333333333333, 0.9758333333333333], [0.8591666666666666, 0.9758333333333333], [0.8575, 0.9775], [0.8558333333333333, 0.9783333333333334], [0.8541666666666666, 0.9783333333333334], [0.8283333333333334, 0.9916666666666667], [0.8266666666666667, 0.9916666666666667], [0.8166666666666667, 0.9966666666666667], [0.8158333333333333, 0.9991666666666666], [0.9991666666666666, 0.9991666666666666], [0.9991666666666666, 0.9091666666666667]], "additionalOutlinePaths": [[[0.8441666666666666, 0.22333333333333333], [0.84, 0.22416666666666665], [0.835, 0.225], [0.83, 0.22583333333333333], [0.825, 0.22666666666666666], [0.8208333333333333, 0.2275], [0.8158333333333333, 0.22833333333333333], [0.8125, 0.22916666666666666], [0.8041666666666667, 0.23333333333333334], [0.8016666666666666, 0.235], [0.8016666666666666, 0.24], [0.8025, 0.24333333333333335], [0.8033333333333333, 0.24583333333333332], [0.8041666666666667, 0.24833333333333332], [0.805, 0.25166666666666665], [0.8058333333333333, 0.25416666666666665], [0.8066666666666666, 0.255], [0.8066666666666666, 0.2575], [0.8075, 0.26], [0.8083333333333333, 0.2608333333333333], [0.8083333333333333, 0.2625], [0.8116666666666666, 0.2633333333333333], [0.8133333333333334, 0.265], [0.8141666666666667, 0.26666666666666666], [0.8141666666666667, 0.2683333333333333], [0.8116666666666666, 0.2708333333333333], [0.8116666666666666, 0.27416666666666667], [0.8133333333333334, 0.275], [0.8133333333333334, 0.28], [0.8141666666666667, 0.2816666666666667], [0.8208333333333333, 0.2816666666666667], [0.8258333333333333, 0.2808333333333333], [0.8291666666666667, 0.28], [0.8325, 0.2791666666666667], [0.835, 0.2775], [0.8391666666666666, 0.27666666666666667], [0.8466666666666667, 0.27666666666666667], [0.85, 0.2758333333333333], [0.8583333333333333, 0.27166666666666667], [0.8608333333333333, 0.2708333333333333], [0.8608333333333333, 0.2658333333333333], [0.86, 0.2625], [0.8591666666666666, 0.26], [0.8583333333333333, 0.2575], [0.8575, 0.25666666666666665], [0.8575, 0.25416666666666665], [0.8566666666666667, 0.25083333333333335], [0.8558333333333333, 0.24833333333333332], [0.855, 0.24583333333333332], [0.8541666666666666, 0.2425], [0.8533333333333334, 0.24], [0.8525, 0.2375], [0.8516666666666667, 0.23416666666666666], [0.8508333333333333, 0.23166666666666666], [0.85, 0.23083333333333333], [0.85, 0.22833333333333333], [0.8491666666666666, 0.22583333333333333], [0.8483333333333334, 0.225], [0.8483333333333334, 0.22333333333333333]]]}