{"reference": "J16", "proportionalOutlinePath": [[0.9975, 0.9091666666666667], [0.995, 0.91], [0.9825, 0.9166666666666666], [0.9808333333333333, 0.9166666666666666], [0.9791666666666666, 0.9183333333333333], [0.9758333333333333, 0.92], [0.9741666666666666, 0.92], [0.9725, 0.9216666666666666], [0.9708333333333333, 0.9216666666666666], [0.9516666666666667, 0.9316666666666666], [0.95, 0.9316666666666666], [0.945, 0.9341666666666667], [0.9433333333333334, 0.9358333333333333], [0.9416666666666667, 0.9358333333333333], [0.9175, 0.9483333333333334], [0.9158333333333334, 0.9483333333333334], [0.9141666666666667, 0.9491666666666667], [0.9125, 0.9508333333333333], [0.9108333333333334, 0.9508333333333333], [0.89, 0.9616666666666667], [0.8883333333333333, 0.9616666666666667], [0.8866666666666667, 0.9625], [0.885, 0.9641666666666666], [0.8833333333333333, 0.9641666666666666], [0.8608333333333333, 0.9758333333333333], [0.8591666666666666, 0.9758333333333333], [0.8575, 0.9775], [0.8558333333333333, 0.9783333333333334], [0.8541666666666666, 0.9783333333333334], [0.8283333333333334, 0.9916666666666667], [0.8266666666666667, 0.9916666666666667], [0.8166666666666667, 0.9966666666666667], [0.8158333333333333, 0.9991666666666666], [0.9991666666666666, 0.9991666666666666], [0.9991666666666666, 0.9091666666666667]], "additionalOutlinePaths": [[[0.9058333333333334, 0.2125], [0.9016666666666666, 0.21333333333333335], [0.8966666666666666, 0.21416666666666667], [0.8958333333333334, 0.215], [0.8908333333333334, 0.215], [0.8858333333333334, 0.21583333333333332], [0.8816666666666667, 0.21666666666666667], [0.8783333333333333, 0.2175], [0.8758333333333334, 0.21833333333333332], [0.8675, 0.2225], [0.8658333333333333, 0.22416666666666665], [0.8658333333333333, 0.22916666666666666], [0.8666666666666667, 0.23166666666666666], [0.8675, 0.23416666666666666], [0.8683333333333333, 0.235], [0.8683333333333333, 0.2375], [0.8691666666666666, 0.24083333333333334], [0.8708333333333333, 0.24333333333333335], [0.8716666666666667, 0.24666666666666667], [0.8725, 0.24916666666666668], [0.8733333333333333, 0.2525], [0.8741666666666666, 0.255], [0.8741666666666666, 0.2575], [0.875, 0.26], [0.8758333333333334, 0.2625], [0.8775, 0.2633333333333333], [0.8783333333333333, 0.26916666666666667], [0.885, 0.26916666666666667], [0.8891666666666667, 0.2683333333333333], [0.8925, 0.2675], [0.8958333333333334, 0.26666666666666666], [0.8983333333333333, 0.265], [0.9016666666666666, 0.26416666666666666], [0.9108333333333334, 0.26416666666666666], [0.9133333333333333, 0.2633333333333333], [0.915, 0.26166666666666666], [0.9166666666666666, 0.26166666666666666], [0.9216666666666666, 0.25916666666666666], [0.9233333333333333, 0.25833333333333336], [0.9233333333333333, 0.2525], [0.9225, 0.25], [0.9216666666666666, 0.2475], [0.9208333333333333, 0.24416666666666667], [0.92, 0.24166666666666667], [0.9191666666666667, 0.23916666666666667], [0.9183333333333333, 0.23583333333333334], [0.9175, 0.23333333333333334], [0.9166666666666666, 0.23], [0.9158333333333334, 0.2275], [0.915, 0.225], [0.9141666666666667, 0.22166666666666668], [0.9133333333333333, 0.21916666666666668], [0.9125, 0.21666666666666667], [0.9108333333333334, 0.2125]]]}