{"reference": "J16", "proportionalOutlinePath": [[0.9975, 0.9175], [0.9766666666666667, 0.9283333333333333], [0.975, 0.9283333333333333], [0.9733333333333334, 0.93], [0.9716666666666667, 0.93], [0.9375, 0.9475], [0.9358333333333333, 0.9475], [0.9325, 0.9491666666666667], [0.9308333333333333, 0.9508333333333333], [0.9291666666666667, 0.9508333333333333], [0.8916666666666667, 0.97], [0.89, 0.97], [0.8541666666666666, 0.9883333333333333], [0.8525, 0.9883333333333333], [0.8358333333333333, 0.9966666666666667], [0.835, 0.9991666666666666], [0.9991666666666666, 0.9991666666666666], [0.9991666666666666, 0.9175]], "additionalOutlinePaths": [[[0.9125, 0.21], [0.9083333333333333, 0.21083333333333334], [0.9033333333333333, 0.21166666666666667], [0.8991666666666667, 0.2125], [0.8941666666666667, 0.21333333333333335], [0.89, 0.21416666666666667], [0.8858333333333334, 0.215], [0.8758333333333334, 0.22], [0.8741666666666666, 0.22083333333333333], [0.8741666666666666, 0.22666666666666666], [0.875, 0.22916666666666666], [0.8758333333333334, 0.2325], [0.8766666666666667, 0.235], [0.8775, 0.23833333333333334], [0.8783333333333333, 0.24083333333333334], [0.8791666666666667, 0.24333333333333335], [0.88, 0.24416666666666667], [0.8808333333333334, 0.24666666666666667], [0.8816666666666667, 0.25], [0.8816666666666667, 0.2525], [0.8825, 0.255], [0.8833333333333333, 0.2575], [0.8841666666666667, 0.26], [0.8858333333333334, 0.2608333333333333], [0.8858333333333334, 0.2658333333333333], [0.8866666666666667, 0.2675], [0.8908333333333334, 0.2675], [0.895, 0.26666666666666666], [0.9, 0.2658333333333333], [0.9025, 0.265], [0.905, 0.26416666666666666], [0.9075, 0.2625], [0.9133333333333333, 0.26166666666666666], [0.92, 0.26166666666666666], [0.9225, 0.26], [0.9241666666666667, 0.26], [0.9308333333333333, 0.25666666666666665], [0.9325, 0.25583333333333336], [0.9325, 0.25166666666666665], [0.9316666666666666, 0.24833333333333332], [0.9308333333333333, 0.24583333333333332], [0.93, 0.24333333333333335], [0.9291666666666667, 0.24083333333333334], [0.9283333333333333, 0.2375], [0.9275, 0.235], [0.9266666666666666, 0.2325], [0.9258333333333333, 0.23166666666666666], [0.925, 0.22833333333333333], [0.9241666666666667, 0.22583333333333333], [0.9241666666666667, 0.22333333333333333], [0.9233333333333333, 0.22083333333333333], [0.9225, 0.2175], [0.9216666666666666, 0.215], [0.9208333333333333, 0.2125], [0.92, 0.21166666666666667], [0.92, 0.21]]]}