{"reference": "U6", "proportionalOutlinePath": [[0.0, 0.9266666666666666], [0.0, 0.9991666666666666], [0.11083333333333334, 0.9991666666666666], [0.10916666666666666, 0.9983333333333333], [0.1075, 0.9975], [0.10583333333333333, 0.9958333333333333], [0.10333333333333333, 0.9941666666666666], [0.10083333333333333, 0.9925], [0.09833333333333333, 0.9908333333333333], [0.09583333333333334, 0.9891666666666666], [0.09333333333333334, 0.9875], [0.09083333333333334, 0.9858333333333333], [0.08833333333333333, 0.9841666666666666], [0.08583333333333333, 0.9825], [0.08333333333333333, 0.9816666666666667], [0.08083333333333333, 0.98], [0.07833333333333334, 0.9775], [0.07583333333333334, 0.9766666666666667], [0.07416666666666667, 0.975], [0.07166666666666667, 0.9733333333333334], [0.06916666666666667, 0.9716666666666667], [0.06666666666666667, 0.97], [0.06416666666666666, 0.9683333333333334], [0.06166666666666667, 0.9666666666666667], [0.059166666666666666, 0.965], [0.056666666666666664, 0.9641666666666666], [0.05416666666666667, 0.9625], [0.051666666666666666, 0.96], [0.049166666666666664, 0.9591666666666666], [0.0475, 0.9575], [0.04416666666666667, 0.955], [0.041666666666666664, 0.9541666666666667], [0.04, 0.9525], [0.0375, 0.9508333333333333], [0.035, 0.9491666666666667], [0.0325, 0.9475], [0.03, 0.9458333333333333], [0.0275, 0.9441666666666667], [0.025, 0.9425], [0.0225, 0.9408333333333333], [0.02, 0.9391666666666667], [0.0175, 0.9383333333333334], [0.015833333333333335, 0.9366666666666666], [0.013333333333333334, 0.935], [0.010833333333333334, 0.9333333333333333], [0.008333333333333333, 0.9316666666666666], [0.005833333333333334, 0.93], [0.0033333333333333335, 0.9283333333333333]], "additionalOutlinePaths": [[[0.6133333333333333, 0.5875], [0.6116666666666667, 0.5891666666666666], [0.61, 0.5925], [0.61, 0.5941666666666666], [0.6075, 0.5983333333333334], [0.6075, 0.6008333333333333], [0.6075, 0.6033333333333334], [0.61, 0.6025], [0.6116666666666667, 0.6041666666666666], [0.6141666666666666, 0.6033333333333334], [0.6158333333333333, 0.6], [0.6158333333333333, 0.5983333333333334], [0.6175, 0.5958333333333333], [0.6175, 0.5941666666666666], [0.6191666666666666, 0.5925], [0.6216666666666667, 0.5925], [0.6233333333333333, 0.5941666666666666], [0.625, 0.5941666666666666], [0.6258333333333334, 0.5916666666666667], [0.6241666666666666, 0.5908333333333333], [0.6225, 0.5908333333333333], [0.6208333333333333, 0.5891666666666666], [0.6183333333333333, 0.5891666666666666], [0.6166666666666667, 0.5875]]], "componentId": "analog-devices-max6643lbbaee"}