{"reference": "U17", "proportionalOutlinePath": [[0.0, 0.9833333333333333], [0.0, 0.9991666666666666], [0.06416666666666666, 0.9991666666666666], [0.0625, 0.9991666666666666], [0.059166666666666666, 0.9983333333333333], [0.056666666666666664, 0.9975], [0.05583333333333333, 0.9966666666666667], [0.0525, 0.9966666666666667], [0.049166666666666664, 0.9958333333333333], [0.04583333333333333, 0.995], [0.0425, 0.9941666666666666], [0.03916666666666667, 0.9933333333333333], [0.035, 0.9925], [0.0325, 0.9916666666666667], [0.03166666666666667, 0.9908333333333333], [0.028333333333333332, 0.9908333333333333], [0.025, 0.99], [0.0225, 0.9891666666666666], [0.021666666666666667, 0.9883333333333333], [0.018333333333333333, 0.9875], [0.015, 0.9866666666666667], [0.010833333333333334, 0.9858333333333333], [0.0075, 0.985], [0.004166666666666667, 0.9841666666666666]], "additionalOutlinePaths": [[[0.58, 0.39666666666666667], [0.5775, 0.39916666666666667], [0.5766666666666667, 0.4008333333333333], [0.5766666666666667, 0.405], [0.5783333333333334, 0.4066666666666667], [0.5825, 0.4075], [0.5883333333333334, 0.4075], [0.5891666666666666, 0.4058333333333333], [0.5875, 0.4033333333333333], [0.5891666666666666, 0.4033333333333333], [0.59, 0.4008333333333333], [0.5883333333333334, 0.3983333333333333], [0.5866666666666667, 0.3975], [0.5816666666666667, 0.39666666666666667]]]}