{"reference": "U22", "proportionalOutlinePath": [[0.0, 0.9833333333333333], [0.0, 0.9991666666666666], [0.065, 0.9991666666666666], [0.06166666666666667, 0.9983333333333333], [0.0575, 0.9975], [0.05416666666666667, 0.9966666666666667], [0.050833333333333335, 0.9958333333333333], [0.0475, 0.995], [0.043333333333333335, 0.9941666666666666], [0.04083333333333333, 0.9933333333333333], [0.04, 0.9925], [0.03666666666666667, 0.9916666666666667], [0.03333333333333333, 0.9908333333333333], [0.029166666666666667, 0.9908333333333333], [0.02666666666666667, 0.99], [0.024166666666666666, 0.9891666666666666], [0.023333333333333334, 0.9883333333333333], [0.02, 0.9883333333333333], [0.0175, 0.9875], [0.016666666666666666, 0.9866666666666667], [0.0125, 0.9858333333333333], [0.008333333333333333, 0.9858333333333333], [0.005833333333333334, 0.9841666666666666], [0.0016666666666666668, 0.9833333333333333]], "additionalOutlinePaths": [[[0.41583333333333333, 0.36916666666666664], [0.41333333333333333, 0.37083333333333335], [0.41333333333333333, 0.37416666666666665], [0.4116666666666667, 0.37583333333333335], [0.4116666666666667, 0.3775], [0.41333333333333333, 0.37833333333333335], [0.4166666666666667, 0.37916666666666665], [0.4225, 0.37916666666666665], [0.4241666666666667, 0.38], [0.4225, 0.3775], [0.4241666666666667, 0.3775], [0.42333333333333334, 0.37583333333333335], [0.425, 0.37583333333333335], [0.42583333333333334, 0.37333333333333335], [0.4241666666666667, 0.37083333333333335], [0.41833333333333333, 0.36916666666666664]]]}