{"reference": "U22", "proportionalOutlinePath": [[0.0, 0.9833333333333333], [0.0, 0.9991666666666666], [0.06416666666666666, 0.9991666666666666], [0.0625, 0.9991666666666666], [0.059166666666666666, 0.9983333333333333], [0.056666666666666664, 0.9975], [0.05583333333333333, 0.9966666666666667], [0.0525, 0.9966666666666667], [0.049166666666666664, 0.9958333333333333], [0.04583333333333333, 0.995], [0.0425, 0.9941666666666666], [0.03916666666666667, 0.9933333333333333], [0.035, 0.9925], [0.0325, 0.9916666666666667], [0.03166666666666667, 0.9908333333333333], [0.028333333333333332, 0.9908333333333333], [0.025, 0.99], [0.0225, 0.9891666666666666], [0.021666666666666667, 0.9883333333333333], [0.018333333333333333, 0.9875], [0.015, 0.9866666666666667], [0.010833333333333334, 0.9858333333333333], [0.0075, 0.985], [0.004166666666666667, 0.9841666666666666]], "additionalOutlinePaths": [[[0.4166666666666667, 0.36916666666666664], [0.4141666666666667, 0.37083333333333335], [0.41333333333333333, 0.37333333333333335], [0.4125, 0.375], [0.4116666666666667, 0.3775], [0.41333333333333333, 0.3775], [0.41583333333333333, 0.37833333333333335], [0.4166666666666667, 0.37916666666666665], [0.4241666666666667, 0.38], [0.42333333333333334, 0.37833333333333335], [0.425, 0.3775], [0.42583333333333334, 0.37583333333333335], [0.425, 0.37416666666666665], [0.4266666666666667, 0.37333333333333335], [0.4241666666666667, 0.37], [0.4191666666666667, 0.36916666666666664]]]}