{"reference": "U26", "proportionalOutlinePath": [[0.0, 0.9833333333333333], [0.0, 0.9991666666666666], [0.06416666666666666, 0.9991666666666666], [0.0625, 0.9991666666666666], [0.059166666666666666, 0.9983333333333333], [0.056666666666666664, 0.9975], [0.05583333333333333, 0.9966666666666667], [0.0525, 0.9966666666666667], [0.049166666666666664, 0.9958333333333333], [0.04583333333333333, 0.995], [0.0425, 0.9941666666666666], [0.03916666666666667, 0.9933333333333333], [0.035, 0.9925], [0.0325, 0.9916666666666667], [0.03166666666666667, 0.9908333333333333], [0.028333333333333332, 0.9908333333333333], [0.025, 0.99], [0.0225, 0.9891666666666666], [0.021666666666666667, 0.9883333333333333], [0.018333333333333333, 0.9875], [0.015, 0.9866666666666667], [0.010833333333333334, 0.9858333333333333], [0.0075, 0.985], [0.004166666666666667, 0.9841666666666666]], "additionalOutlinePaths": [[[0.105, 0.31583333333333335], [0.1025, 0.31833333333333336], [0.10166666666666667, 0.32083333333333336], [0.1, 0.3225], [0.10083333333333333, 0.325], [0.10583333333333333, 0.3258333333333333], [0.11083333333333334, 0.3258333333333333], [0.11, 0.32416666666666666], [0.11166666666666666, 0.32416666666666666], [0.1125, 0.32166666666666666], [0.11416666666666667, 0.32], [0.11083333333333334, 0.31666666666666665]]]}