{"reference": "U26", "proportionalOutlinePath": [[0.0, 0.9833333333333333], [0.0, 0.9991666666666666], [0.065, 0.9991666666666666], [0.06166666666666667, 0.9983333333333333], [0.0575, 0.9975], [0.05416666666666667, 0.9966666666666667], [0.050833333333333335, 0.9958333333333333], [0.0475, 0.995], [0.043333333333333335, 0.9941666666666666], [0.04083333333333333, 0.9933333333333333], [0.04, 0.9925], [0.03666666666666667, 0.9916666666666667], [0.03333333333333333, 0.9908333333333333], [0.029166666666666667, 0.9908333333333333], [0.02666666666666667, 0.99], [0.024166666666666666, 0.9891666666666666], [0.023333333333333334, 0.9883333333333333], [0.02, 0.9883333333333333], [0.0175, 0.9875], [0.016666666666666666, 0.9866666666666667], [0.0125, 0.9858333333333333], [0.008333333333333333, 0.9858333333333333], [0.005833333333333334, 0.9841666666666666], [0.0016666666666666668, 0.9833333333333333]], "additionalOutlinePaths": [[[0.10416666666666667, 0.31666666666666665], [0.1025, 0.31833333333333336], [0.10166666666666667, 0.32083333333333336], [0.1, 0.3225], [0.10083333333333333, 0.325], [0.105, 0.3258333333333333], [0.11083333333333334, 0.32666666666666666], [0.11, 0.32416666666666666], [0.11166666666666666, 0.32416666666666666], [0.1125, 0.32166666666666666], [0.11416666666666667, 0.32083333333333336], [0.1125, 0.31916666666666665], [0.11083333333333334, 0.31666666666666665]]]}